nohup: ignoring input
[transformers] PyTorch was not found. Models won't be available and only tokenizers, configuration and file/data utilities can be used.
20:10:45 INFO    abductionbench.core.tokenizer: token counting backend: hf
20:10:45 INFO    abductionbench.core.sync: artifact sync started: runs/20260906-201043_full -> gdrive:AbductionBench/20260906-201043_full every 60.0s (incremental, in a background thread)
20:10:45 INFO    abductionbench.core.engine: run 20260906-201043_full: 1 model(s) x 49 dataset(s), output=runs/20260906-201043_full
20:10:46 INFO    abductionbench.core.engine: model qwen3-5-2b-local: batch endpoint OK (http://127.0.0.1:18001/v1/chat/completions/batch), group size 8
20:11:06 INFO    abductionbench.core.engine: dataset abd: prepared 300 sample(s) in 20.5s
20:11:06 INFO    abductionbench.core.engine: dataset abductionrules: prepared 300 sample(s) in 0.2s
20:11:07 INFO    abductionbench.core.engine: dataset aer: prepared 300 sample(s) in 0.1s
20:11:07 INFO    abductionbench.core.engine: dataset agentrx: prepared 95 sample(s) in 0.0s
20:11:07 INFO    abductionbench.core.engine: dataset aiops2025: prepared 103 sample(s) in 0.1s
20:11:08 WARNING abductionbench.core.engine: dataset art: duplicate sample_id 'art-gen-7be1517c-b6eb-4221-ba1e-e8f5bb73c295-1' dropped
20:11:08 WARNING abductionbench.core.engine: dataset art: duplicate sample_id 'art-gen-c24668f6-0aea-4c79-9fe6-0d0e1d60eb66-1' dropped
20:11:08 WARNING abductionbench.core.engine: dataset art: duplicate sample_id 'art-gen-62c05f8c-fce8-44ad-bb6c-8f5affcbade0-1' dropped
20:11:08 WARNING abductionbench.core.engine: dataset art: duplicate sample_id 'art-gen-f48fdfee-e452-48c7-8793-775cd9532655-1' dropped
20:11:08 WARNING abductionbench.core.engine: dataset art: duplicate sample_id 'art-gen-1e3d12e0-aa29-4648-92fd-b4092da1276f-1' dropped
20:11:08 WARNING abductionbench.core.engine: dataset art: duplicate sample_id 'art-gen-5da57437-79ce-47cc-b369-bfdcf528cea4-1' dropped
20:11:08 WARNING abductionbench.core.engine: dataset art: duplicate sample_id 'art-gen-1101ad0f-d220-4e55-8845-d0498d02f653-1' dropped
20:11:08 WARNING abductionbench.core.engine: dataset art: duplicate sample_id 'art-gen-636cf225-1b51-4c3b-9922-54c0a2a52172-1' dropped
20:11:08 WARNING abductionbench.core.engine: dataset art: duplicate sample_id 'art-gen-581ec2af-2a93-4f6d-8800-462d79820fab-1' dropped
20:11:08 WARNING abductionbench.core.engine: dataset art: duplicate sample_id 'art-gen-66b314ed-7797-44dd-b920-3d80ce1a1db3-1' dropped
20:11:08 WARNING abductionbench.core.engine: dataset art: duplicate sample_id 'art-gen-bf574a62-0e0f-494a-a7f8-a34bf72d9649-1' dropped
20:11:08 WARNING abductionbench.core.engine: dataset art: duplicate sample_id 'art-gen-5240c401-2f22-4afd-a2dc-c555f1478ea2-1' dropped
20:11:08 WARNING abductionbench.core.engine: dataset art: duplicate sample_id 'art-gen-fd232283-b8b2-4199-bb37-5ab1d4b9c18d1' dropped
20:11:08 WARNING abductionbench.core.engine: dataset art: duplicate sample_id 'art-gen-f20d02ff-81ba-481b-aac6-e0cb33f23db5-1' dropped
20:11:08 WARNING abductionbench.core.engine: dataset art: duplicate sample_id 'art-gen-ec27ad6d-e1df-4a7a-8a94-9ec1625cecd6-1' dropped
20:11:08 WARNING abductionbench.core.engine: dataset art: duplicate sample_id 'art-gen-3018ac07-4964-443f-a012-cde50dbef753-1' dropped
20:11:08 WARNING abductionbench.core.engine: dataset art: duplicate sample_id 'art-gen-a32c9fae-ff6b-4672-94f4-693c169963d2-1' dropped
20:11:08 INFO    abductionbench.core.engine: dataset art: prepared 283 sample(s) in 1.3s
20:11:08 INFO    abductionbench.core.engine: dataset art: prepared 300 sample(s) in 0.0s
20:11:08 WARNING abductionbench.core.engine: dataset bioverge skipped: evaluation items ship only inside an 11.9 GB corpus archive -- The repository contains agent code, API wrappers and prompts (42 files, no data). Its README points at a single Google Drive archive (bioverge_dataset.tar.gz) of 11.9 GB -- a biomedical literature and knowledge- graph corpus for the authors' retrieval agent, with no separately downloadable item file. Pulling 11.9 GB to extract a 300-item probe was judged out of proportion; the dataset is reported as skipped rather than approximated.
20:11:08 INFO    pytensor.configparser: Suppressed KeyError in PyTensorConfigParser.add for parameter 'cxx'!
20:11:08 INFO    pytensor.configparser: Suppressed KeyError in PyTensorConfigParser.add for parameter 'gcc_version_str'!
20:11:08 INFO    pytensor.configparser: Suppressed KeyError in PyTensorConfigParser.add for parameter 'compile__timeout'!
20:11:08 INFO    pytensor.configparser: Suppressed KeyError in PyTensorConfigParser.add for parameter 'DebugMode__check_c'!
20:11:08 INFO    pytensor.configparser: Suppressed KeyError in PyTensorConfigParser.add for parameter 'compiledir'!
20:11:08 INFO    pytensor.configparser: Suppressed KeyError in PyTensorConfigParser.add for parameter 'blas__ldflags'!
20:11:09 INFO    arviz: Found 'auto' as default backend, checking available backends
20:11:09 INFO    arviz: Matplotlib is available, defining as default backend
20:11:09 INFO    arviz: arviz_base 1.3.0 available, exposing its functions as part of the `arviz` namespace
20:11:09 INFO    arviz: arviz_stats 1.3.2 available, exposing its functions as part of the `arviz` namespace
20:11:09 INFO    arviz: arviz_plots 1.3.1 available, exposing its functions as part of the `arviz` namespace
20:11:10 INFO    pymc.sampling.forward: Sampling: [alpha, beta, gamma, responses]
20:11:10 INFO    pymc.sampling.forward: Sampling: [alpha, beta, gamma, responses]
20:11:10 INFO    pymc.sampling.forward: Sampling: [alpha, beta, gamma, responses]
20:11:10 INFO    pymc.sampling.forward: Sampling: [alpha, beta, gamma, responses]
20:11:10 INFO    pymc.sampling.forward: Sampling: [alpha, beta, gamma, responses]
20:11:10 INFO    pymc.sampling.forward: Sampling: [death_outcome]
20:11:10 INFO    pymc.sampling.forward: Sampling: [death_outcome]
20:11:10 INFO    pymc.sampling.forward: Sampling: [death_outcome]
20:11:10 INFO    pymc.sampling.forward: Sampling: [death_outcome]
20:11:10 INFO    pymc.sampling.forward: Sampling: [death_outcome]
20:11:11 INFO    pymc.sampling.forward: Sampling: [death_outcome]
20:11:11 INFO    pymc.sampling.forward: Sampling: [death_outcome]
20:11:11 INFO    pymc.sampling.forward: Sampling: [death_outcome]
20:11:11 INFO    pymc.sampling.forward: Sampling: [death_outcome]
20:11:11 INFO    pymc.sampling.forward: Sampling: [death_outcome]
20:11:11 INFO    pymc.sampling.forward: Sampling: [death_outcome]
20:11:11 INFO    pymc.sampling.forward: Sampling: [death_outcome]
20:11:11 INFO    pymc.sampling.forward: Sampling: [death_outcome]
20:11:11 INFO    pymc.sampling.forward: Sampling: [death_outcome]
20:11:11 INFO    pymc.sampling.forward: Sampling: [death_outcome]
20:11:11 INFO    pymc.sampling.forward: Sampling: [death_outcome]
20:11:11 INFO    pymc.sampling.forward: Sampling: [death_outcome]
20:11:11 INFO    pymc.sampling.forward: Sampling: [death_outcome]
20:11:11 INFO    pymc.sampling.forward: Sampling: [death_outcome]
20:11:11 INFO    pymc.sampling.forward: Sampling: [death_outcome]
20:11:11 INFO    pymc.sampling.forward: Sampling: [death_outcome]
20:11:11 INFO    pymc.sampling.forward: Sampling: [death_outcome]
20:11:11 INFO    pymc.sampling.forward: Sampling: [death_outcome]
20:11:11 INFO    pymc.sampling.forward: Sampling: [death_outcome]
20:11:11 INFO    pymc.sampling.forward: Sampling: [death_outcome]
20:11:11 INFO    pymc.sampling.forward: Sampling: [death_outcome]
20:11:11 INFO    pymc.sampling.forward: Sampling: [death_outcome]
20:11:11 INFO    pymc.sampling.forward: Sampling: [death_outcome]
20:11:11 INFO    pymc.sampling.forward: Sampling: [death_outcome]
20:11:11 INFO    pymc.sampling.forward: Sampling: [death_outcome]
20:11:11 INFO    pymc.sampling.forward: Sampling: [death_outcome]
20:11:11 INFO    pymc.sampling.forward: Sampling: [death_outcome]
20:11:11 INFO    pymc.sampling.forward: Sampling: [death_outcome]
20:11:11 INFO    pymc.sampling.forward: Sampling: [death_outcome]
20:11:11 INFO    pymc.sampling.forward: Sampling: [death_outcome]
20:11:11 INFO    pymc.sampling.forward: Sampling: [death_outcome]
20:11:11 INFO    pymc.sampling.forward: Sampling: [death_outcome]
20:11:11 INFO    pymc.sampling.forward: Sampling: [death_outcome]
20:11:11 INFO    pymc.sampling.forward: Sampling: [death_outcome]
20:11:11 INFO    pymc.sampling.forward: Sampling: [death_outcome]
20:11:11 INFO    pymc.sampling.forward: Sampling: [death_outcome]
20:11:11 INFO    pymc.sampling.forward: Sampling: [death_outcome]
20:11:11 INFO    pymc.sampling.forward: Sampling: [death_outcome]
20:11:11 INFO    pymc.sampling.forward: Sampling: [death_outcome]
20:11:11 INFO    pymc.sampling.forward: Sampling: [death_outcome]
20:11:11 INFO    pymc.sampling.forward: Sampling: [death_outcome]
20:11:11 INFO    pymc.sampling.forward: Sampling: [death_outcome]
20:11:11 INFO    pymc.sampling.forward: Sampling: [death_outcome]
20:11:11 INFO    pymc.sampling.forward: Sampling: [death_outcome]
20:11:11 INFO    pymc.sampling.forward: Sampling: [death_outcome]
20:11:11 INFO    pymc.sampling.forward: Sampling: [death_outcome]
20:11:11 INFO    pymc.sampling.forward: Sampling: [death_outcome]
20:11:11 INFO    pymc.sampling.forward: Sampling: [death_outcome]
20:11:11 INFO    pymc.sampling.forward: Sampling: [death_outcome]
20:11:11 INFO    pymc.sampling.forward: Sampling: [death_outcome]
20:11:11 INFO    pymc.sampling.forward: Sampling: [death_outcome]
20:11:11 INFO    pymc.sampling.forward: Sampling: [death_outcome]
20:11:11 INFO    pymc.sampling.forward: Sampling: [death_outcome]
20:11:11 INFO    pymc.sampling.forward: Sampling: [death_outcome]
20:11:11 INFO    pymc.sampling.forward: Sampling: [death_outcome]
20:11:12 INFO    pymc.sampling.forward: Sampling: [death_outcome]
20:11:12 INFO    pymc.sampling.forward: Sampling: [death_outcome]
20:11:12 INFO    pymc.sampling.forward: Sampling: [death_outcome]
20:11:12 INFO    pymc.sampling.forward: Sampling: [death_outcome]
20:11:12 INFO    pymc.sampling.forward: Sampling: [death_outcome]
20:11:12 INFO    pymc.sampling.forward: Sampling: [death_outcome]
20:11:12 INFO    pymc.sampling.forward: Sampling: [death_outcome]
20:11:12 INFO    pymc.sampling.forward: Sampling: [death_outcome]
20:11:12 INFO    pymc.sampling.forward: Sampling: [death_outcome]
20:11:12 INFO    pymc.sampling.forward: Sampling: [death_outcome]
20:11:12 INFO    pymc.sampling.forward: Sampling: [death_outcome]
20:11:12 INFO    pymc.sampling.forward: Sampling: [death_outcome]
20:11:12 INFO    pymc.sampling.forward: Sampling: [death_outcome]
20:11:12 INFO    pymc.sampling.forward: Sampling: [death_outcome]
20:11:12 INFO    pymc.sampling.forward: Sampling: [death_outcome]
20:11:12 INFO    pymc.sampling.forward: Sampling: [death_outcome]
20:11:12 INFO    pymc.sampling.forward: Sampling: [death_outcome]
20:11:12 INFO    pymc.sampling.forward: Sampling: [death_outcome]
20:11:12 INFO    pymc.sampling.forward: Sampling: [death_outcome]
20:11:12 INFO    pymc.sampling.forward: Sampling: [death_outcome]
20:11:12 INFO    pymc.sampling.forward: Sampling: [death_outcome]
20:11:12 INFO    pymc.sampling.forward: Sampling: [death_outcome]
20:11:12 INFO    pymc.sampling.forward: Sampling: [death_outcome]
20:11:12 INFO    pymc.sampling.forward: Sampling: [death_outcome]
20:11:12 INFO    pymc.sampling.forward: Sampling: [death_outcome]
20:11:12 INFO    pymc.sampling.forward: Sampling: [death_outcome]
20:11:12 INFO    pymc.sampling.forward: Sampling: [death_outcome]
20:11:12 INFO    pymc.sampling.forward: Sampling: [death_outcome]
20:11:12 INFO    pymc.sampling.forward: Sampling: [death_outcome]
20:11:12 INFO    pymc.sampling.forward: Sampling: [death_outcome]
20:11:12 INFO    pymc.sampling.forward: Sampling: [death_outcome]
20:11:12 INFO    pymc.sampling.forward: Sampling: [death_outcome]
20:11:12 INFO    pymc.sampling.forward: Sampling: [death_outcome]
20:11:12 INFO    pymc.sampling.forward: Sampling: [death_outcome]
20:11:12 INFO    pymc.sampling.forward: Sampling: [death_outcome]
20:11:12 INFO    pymc.sampling.forward: Sampling: [death_outcome]
20:11:12 INFO    pymc.sampling.forward: Sampling: [death_outcome]
20:11:13 INFO    pymc.sampling.forward: Sampling: [death_outcome]
20:11:13 INFO    pymc.sampling.forward: Sampling: [death_outcome]
20:11:13 INFO    pymc.sampling.forward: Sampling: [death_outcome]
20:11:13 INFO    pymc.sampling.forward: Sampling: [death_outcome]
20:11:13 INFO    pymc.sampling.forward: Sampling: [death_outcome]
20:11:13 INFO    pymc.sampling.forward: Sampling: [death_outcome]
20:11:13 INFO    pymc.sampling.forward: Sampling: [death_outcome]
20:11:13 INFO    pymc.sampling.forward: Sampling: [death_outcome]
20:11:13 INFO    pymc.sampling.forward: Sampling: [death_outcome]
20:11:13 INFO    pymc.sampling.forward: Sampling: [death_outcome]
20:11:14 INFO    pymc.sampling.forward: Sampling: [death_outcome]
20:11:14 INFO    pymc.sampling.forward: Sampling: [death_outcome]
20:11:14 INFO    pymc.sampling.forward: Sampling: [death_outcome]
20:11:15 INFO    pymc.sampling.forward: Sampling: [death_outcome]
20:11:15 INFO    pymc.sampling.forward: Sampling: [death_outcome]
20:11:15 INFO    pymc.sampling.forward: Sampling: [death_outcome]
20:11:15 INFO    pymc.sampling.forward: Sampling: [death_outcome]
20:11:15 INFO    pymc.sampling.forward: Sampling: [death_outcome]
20:11:15 INFO    pymc.sampling.forward: Sampling: [death_outcome]
20:11:15 INFO    pymc.sampling.forward: Sampling: [death_outcome]
20:11:15 INFO    pymc.sampling.forward: Sampling: [death_outcome]
20:11:16 INFO    pymc.sampling.forward: Sampling: [death_outcome]
20:11:16 INFO    pymc.sampling.forward: Sampling: [death_outcome]
20:11:16 INFO    pymc.sampling.forward: Sampling: [death_outcome]
20:11:16 INFO    pymc.sampling.forward: Sampling: [death_outcome]
20:11:16 INFO    pymc.sampling.forward: Sampling: [death_outcome]
20:11:16 INFO    pymc.sampling.forward: Sampling: [death_outcome]
20:11:16 INFO    pymc.sampling.forward: Sampling: [death_outcome]
20:11:16 INFO    pymc.sampling.forward: Sampling: [death_outcome]
20:11:17 INFO    pymc.sampling.forward: Sampling: [death_outcome]
20:11:17 INFO    pymc.sampling.forward: Sampling: [death_outcome]
20:11:17 INFO    pymc.sampling.forward: Sampling: [death_outcome]
20:11:17 INFO    pymc.sampling.forward: Sampling: [death_outcome]
20:11:17 INFO    pymc.sampling.forward: Sampling: [death_outcome]
20:11:17 INFO    pymc.sampling.forward: Sampling: [death_outcome]
20:11:17 INFO    pymc.sampling.forward: Sampling: [death_outcome]
20:11:17 INFO    pymc.sampling.forward: Sampling: [death_outcome]
20:11:17 INFO    pymc.sampling.forward: Sampling: [death_outcome]
20:11:18 INFO    pymc.sampling.forward: Sampling: [death_outcome]
20:11:18 INFO    pymc.sampling.forward: Sampling: [death_outcome]
20:11:18 INFO    pymc.sampling.forward: Sampling: [death_outcome]
20:11:18 INFO    pymc.sampling.forward: Sampling: [death_outcome]
20:11:18 INFO    pymc.sampling.forward: Sampling: [death_outcome]
20:11:18 INFO    pymc.sampling.forward: Sampling: [death_outcome]
20:11:18 INFO    pymc.sampling.forward: Sampling: [death_outcome]
20:11:18 INFO    pymc.sampling.forward: Sampling: [death_outcome]
20:11:19 INFO    pymc.sampling.forward: Sampling: [death_outcome]
20:11:19 INFO    pymc.sampling.forward: Sampling: [death_outcome]
20:11:19 INFO    pymc.sampling.forward: Sampling: [death_outcome]
20:11:19 INFO    pymc.sampling.forward: Sampling: [death_outcome]
20:11:19 INFO    pymc.sampling.forward: Sampling: [death_outcome]
20:11:19 INFO    pymc.sampling.forward: Sampling: [death_outcome]
20:11:19 INFO    pymc.sampling.forward: Sampling: [death_outcome]
20:11:19 INFO    pymc.sampling.forward: Sampling: [death_outcome]
20:11:20 INFO    pymc.sampling.forward: Sampling: [death_outcome]
20:11:20 INFO    pymc.sampling.forward: Sampling: [death_outcome]
20:11:20 INFO    pymc.sampling.forward: Sampling: [death_outcome]
20:11:20 INFO    pymc.sampling.forward: Sampling: [death_outcome]
20:11:20 INFO    pymc.sampling.forward: Sampling: [death_outcome]
20:11:20 INFO    pymc.sampling.forward: Sampling: [death_outcome]
20:11:20 INFO    pymc.sampling.forward: Sampling: [death_outcome]
20:11:20 INFO    pymc.sampling.forward: Sampling: [death_outcome]
20:11:21 INFO    pymc.sampling.forward: Sampling: [death_outcome]
20:11:21 INFO    pymc.sampling.forward: Sampling: [death_outcome]
20:11:21 INFO    pymc.sampling.forward: Sampling: [death_outcome]
20:11:21 INFO    pymc.sampling.forward: Sampling: [death_outcome]
20:11:22 INFO    pymc.sampling.forward: Sampling: [death_outcome]
20:11:22 INFO    pymc.sampling.forward: Sampling: [death_outcome]
20:11:22 INFO    pymc.sampling.forward: Sampling: [death_outcome]
20:11:22 INFO    pymc.sampling.forward: Sampling: [death_outcome]
20:11:22 INFO    pymc.sampling.forward: Sampling: [death_outcome]
20:11:22 INFO    pymc.sampling.forward: Sampling: [death_outcome]
20:11:22 INFO    pymc.sampling.forward: Sampling: [death_outcome]
20:11:23 INFO    pymc.sampling.forward: Sampling: [death_outcome]
20:11:23 INFO    pymc.sampling.forward: Sampling: [death_outcome]
20:11:23 INFO    pymc.sampling.forward: Sampling: [death_outcome]
20:11:23 INFO    pymc.sampling.forward: Sampling: [death_outcome]
20:11:23 INFO    pymc.sampling.forward: Sampling: [death_outcome]
20:11:23 INFO    pymc.sampling.forward: Sampling: [death_outcome]
20:11:23 INFO    pymc.sampling.forward: Sampling: [death_outcome]
20:11:23 INFO    pymc.sampling.forward: Sampling: [death_outcome]
20:11:24 INFO    pymc.sampling.forward: Sampling: [death_outcome]
20:11:24 INFO    pymc.sampling.forward: Sampling: [death_outcome]
20:11:24 INFO    pymc.sampling.forward: Sampling: [death_outcome]
20:11:24 INFO    pymc.sampling.forward: Sampling: [death_outcome]
20:11:24 INFO    pymc.sampling.forward: Sampling: [death_outcome]
20:11:24 INFO    pymc.sampling.forward: Sampling: [death_outcome]
20:11:24 INFO    pymc.sampling.forward: Sampling: [death_outcome]
20:11:24 INFO    pymc.sampling.forward: Sampling: [death_outcome]
20:11:25 INFO    pymc.sampling.forward: Sampling: [death_outcome]
20:11:25 INFO    pymc.sampling.forward: Sampling: [death_outcome]
20:11:25 INFO    pymc.sampling.forward: Sampling: [death_outcome]
20:11:25 INFO    pymc.sampling.forward: Sampling: [death_outcome]
20:11:25 INFO    pymc.sampling.forward: Sampling: [death_outcome]
20:11:25 INFO    pymc.sampling.forward: Sampling: [death_outcome]
20:11:25 INFO    pymc.sampling.forward: Sampling: [death_outcome]
20:11:26 INFO    pymc.sampling.forward: Sampling: [death_outcome]
20:11:26 INFO    pymc.sampling.forward: Sampling: [death_outcome]
20:11:26 INFO    pymc.sampling.forward: Sampling: [death_outcome]
20:11:26 INFO    pymc.sampling.forward: Sampling: [death_outcome]
20:11:26 INFO    pymc.sampling.forward: Sampling: [death_outcome]
20:11:26 INFO    pymc.sampling.forward: Sampling: [death_outcome]
20:11:26 INFO    pymc.sampling.forward: Sampling: [death_outcome]
20:11:26 INFO    abductionbench.core.engine: dataset boxinggym: prepared 57 sample(s) in 18.3s
20:11:26 INFO    abductionbench.core.engine: dataset causalab: prepared 100 sample(s) in 0.0s
20:11:26 WARNING abductionbench.core.engine: dataset causalgame skipped: interactive game server, no released environment -- The project publishes an agent harness (agent/, api/, experiments/) that plays against a live server at causalgame.github.io; the environment itself is not released, so there is nothing to run locally and no static items with gold answers either. Interactivity is not the obstacle -- seven other interactive benchmarks in this suite run their own environments; the obstacle is that this one's environment is not distributed.
20:11:26 INFO    abductionbench.core.engine: dataset causalopsbench: prepared 300 sample(s) in 0.1s
20:11:30 INFO    abductionbench.core.engine: dataset cloud_opsbench: prepared 300 sample(s) in 3.1s
20:11:30 INFO    abductionbench.core.engine: dataset commonwhy: prepared 300 sample(s) in 0.0s
20:11:30 INFO    abductionbench.core.engine: dataset crosstrace: prepared 107 sample(s) in 0.0s
20:11:30 INFO    abductionbench.core.engine: dataset ddxplus: running an additional hypothesis mode (generation) that the dataset table does not list. Justification from the benchmark: DDXPlus releases, per patient, both a single GROUND-TRUTH PATHOLOGY and a DIFFERENTIAL DIAGNOSIS list; the differential defines a closed candidate set (selection) while the ground-truth pathology is recoverable without candidates (generation), so the two are separate tasks over the same records.
20:11:31 INFO    abductionbench.core.engine: dataset ddxplus: prepared 300 sample(s) in 1.0s
20:11:32 INFO    abductionbench.core.engine: dataset ddxplus: prepared 300 sample(s) in 1.1s
20:11:37 INFO    abductionbench.core.engine: dataset defab: prepared 300 sample(s) in 5.6s
20:11:37 INFO    abductionbench.core.engine: dataset diagnosisarena: running an additional hypothesis mode (selection) that the dataset table does not list. Justification from the benchmark: Every DiagnosisArena case ships four answer options with one correct diagnosis alongside the free-text gold diagnosis, so the release itself defines a closed-set selection task over the same cases as well as the open-ended one.
20:11:37 INFO    abductionbench.core.engine: dataset diagnosisarena: prepared 300 sample(s) in 0.1s
20:11:37 INFO    abductionbench.core.engine: dataset diagnosisarena: prepared 300 sample(s) in 0.0s
20:11:37 WARNING abductionbench.core.engine: dataset direct skipped: underlying notes require credentialed MIMIC-IV access -- The repository publishes 4 example annotated notes and the diagnostic knowledge graphs; the annotated MIMIC-IV discharge notes themselves need PhysioNet credentialed access, so a 300-item sample cannot be assembled from public data.
20:11:37 WARNING abductionbench.core.engine: dataset discoverybench skipped: gold hypotheses are withheld on every scorable split, and the task needs code execution -- Checked all four splits in the repository: real/test has 144 task files and synth/test 200, but their `hypotheses.main` entries are empty (0/144 and 0/200) -- the gold hypotheses are held back for the leaderboard. Only real/train carries hypotheses (14 files), which is both a train split and too small for a 300-item probe. Separately, a DiscoveryBench hypothesis is a quantitative claim ("positive with linear coefficient 0.82") that is derived by running statistical analyses over the shipped CSVs; a text-only single-turn harness cannot compute it, so scores would mostly measure guessing. Revisit if the authors publish test hypotheses and the engine gains a code-execution tool.
20:11:37 INFO    abductionbench.core.engine: dataset ecare: prepared 300 sample(s) in 0.0s
20:11:37 INFO    abductionbench.core.engine: dataset ecare: prepared 300 sample(s) in 0.0s
20:11:37 INFO    abductionbench.core.engine: dataset enwn_entailmentbank: prepared 300 sample(s) in 0.0s
20:11:37 INFO    abductionbench.core.engine: dataset gear: prepared 300 sample(s) in 0.0s
20:11:38 INFO    abductionbench.core.engine: dataset house_md: prepared 300 sample(s) in 0.3s
20:11:38 INFO    abductionbench.core.engine: dataset hypoarena: prepared 300 sample(s) in 0.2s
20:11:38 INFO    abductionbench.core.engine: dataset hypobench: prepared 141 sample(s) in 0.1s
20:11:38 INFO    abductionbench.core.engine: dataset hypogen: prepared 50 sample(s) in 0.0s
20:11:38 INFO    abductionbench.core.engine: dataset hypospace: prepared 300 sample(s) in 0.0s
20:11:38 INFO    abductionbench.core.engine: dataset matter_to_mechanism: prepared 300 sample(s) in 0.1s
20:11:38 INFO    abductionbench.core.engine: dataset med_inquire: running an additional hypothesis mode (selection) that the dataset table does not list. Justification from the benchmark: The Med-Inquire test file is DiagnosisArena's release, in which each case carries four answer options with one correct diagnosis, so a closed-set selection task is defined by the data itself.
20:11:38 INFO    abductionbench.core.engine: dataset med_inquire: prepared 300 sample(s) in 0.0s
20:11:38 INFO    abductionbench.core.engine: dataset med_inquire: prepared 300 sample(s) in 0.0s
20:11:38 INFO    abductionbench.core.engine: dataset medcasereasoning: prepared 300 sample(s) in 0.1s
20:11:38 INFO    abductionbench.core.engine: dataset medqdx: prepared 297 sample(s) in 0.0s
20:11:38 INFO    abductionbench.core.engine: dataset medr_bench: prepared 300 sample(s) in 0.1s
20:11:38 INFO    abductionbench.core.engine: dataset medups: running an additional hypothesis mode (selection) that the dataset table does not list. Justification from the benchmark: MedUPS ships a six-option multiple-choice item per case alongside the free-text diagnosis, so selection among the released candidates is a task the benchmark defines rather than one imposed here.
20:11:38 INFO    abductionbench.core.engine: dataset medups: prepared 300 sample(s) in 0.1s
20:11:39 INFO    abductionbench.core.engine: dataset medups: prepared 300 sample(s) in 0.1s
20:11:39 INFO    abductionbench.core.engine: dataset moose_chem2: prepared 51 sample(s) in 0.0s
20:11:39 INFO    abductionbench.core.engine: dataset musr: prepared 250 sample(s) in 0.5s
20:11:39 INFO    abductionbench.core.engine: dataset neulr: prepared 300 sample(s) in 0.0s
20:11:39 WARNING abductionbench.core.engine: dataset nika skipped: requires a running network emulator -- The repository ships fault-injection specifications (benchmark/releases/*.yaml, benchmark/working/pool/*.yaml) and the code to drive an emulated network, but no recorded telemetry: an item's observations exist only once the emulator has been stood up, which needs privileged networking this container cannot provide (no kernel modules, no netns/tc). Unlike Cloud-OpsBench, which ships a recorded tool cache that can be replayed, NIKA records nothing to replay.
20:11:39 INFO    abductionbench.core.engine: dataset open_problems_2024: prepared 84 sample(s) in 0.0s
20:11:39 INFO    abductionbench.core.engine: dataset physgym: prepared 97 sample(s) in 0.0s
20:11:40 INFO    abductionbench.core.engine: dataset proof_writer: prepared 300 sample(s) in 0.6s
Fetching 4 files:   0%|          | 0/4 [00:00<?, ?it/s]Fetching 4 files:  25%|██▌       | 1/4 [00:00<00:00,  7.36it/s]
20:11:40 WARNING abductionbench.core.engine: dataset researchbench skipped: ResearchBench downloads return HTTP 403: the HF account behind HF_TOKEN has not accepted the dataset's terms. Accept them once at https://huggingface.co/datasets/ankilok/ResearchBench (the gate is 'auto', so access is granted immediately) and re-run. The adapter needs no other change.
Fetching 4 files:   0%|          | 0/4 [00:00<?, ?it/s]Fetching 4 files:  25%|██▌       | 1/4 [00:00<00:00,  8.79it/s]
20:11:40 WARNING abductionbench.core.engine: dataset researchbench skipped: ResearchBench downloads return HTTP 403: the HF account behind HF_TOKEN has not accepted the dataset's terms. Accept them once at https://huggingface.co/datasets/ankilok/ResearchBench (the gate is 'auto', so access is granted immediately) and re-run. The adapter needs no other change.
20:11:40 WARNING abductionbench.core.engine: dataset rlf_kg skipped: sampled query data is not downloadable -- The repository ships code plus formula metadata only; the sampled observation/hypothesis pairs live on a personal OneDrive share that returns HTTP 404. Regenerating them requires the authors' KG preprocessing and query-sampling pipeline over FB15k-237/DBpedia/WN18RR, which is a data-generation project rather than an adapter.
20:11:40 INFO    abductionbench.core.engine: dataset scilab: prepared 36 sample(s) in 0.0s
20:11:41 INFO    abductionbench.core.engine: dataset scir: prepared 300 sample(s) in 0.2s
20:11:41 INFO    abductionbench.core.engine: dataset synpat: prepared 300 sample(s) in 0.2s
20:11:41 INFO    abductionbench.core.engine: dataset true_detective: prepared 191 sample(s) in 0.1s
20:11:41 INFO    abductionbench.core.engine: dataset uncommonsense: prepared 300 sample(s) in 0.0s
20:11:41 INFO    abductionbench.core.engine: dataset vivabench: running an additional hypothesis mode (selection) that the dataset table does not list. Justification from the benchmark: Each VivaBench case ships an explicit differential-diagnosis list next to its final diagnosis, so choosing among the case's own differentials is a task the release defines.
20:11:41 INFO    abductionbench.core.engine: dataset vivabench: prepared 300 sample(s) in 0.3s
20:11:42 INFO    abductionbench.core.engine: dataset vivabench: prepared 165 sample(s) in 0.4s
20:11:42 INFO    abductionbench.core.engine: dataset xcopa: prepared 300 sample(s) in 0.0s
20:11:42 INFO    abductionbench.core.engine: dataset abd [io_n-a_static]: 300 prompt(s) ready (prompt_mode=io, delivery=static, 0 oversize, 0 replacement(s))
20:11:43 INFO    abductionbench.core.engine: dataset abductionrules [io_n-a_static]: 300 prompt(s) ready (prompt_mode=io, delivery=static, 0 oversize, 0 replacement(s))
20:11:43 INFO    abductionbench.core.engine: dataset aer [io_MCS_static]: 300 prompt(s) ready (prompt_mode=io, selection_mode=MCS, delivery=static, 0 oversize, 0 replacement(s))
20:11:43 INFO    abductionbench.core.engine: dataset agentrx [io_SCS_static]: 95 prompt(s) ready (prompt_mode=io, selection_mode=SCS, delivery=static, 0 oversize, 0 replacement(s))
20:11:43 INFO    abductionbench.core.engine: dataset aiops2025 [io_SCS_static]: 103 prompt(s) ready (prompt_mode=io, selection_mode=SCS, delivery=static, 0 oversize, 0 replacement(s))
20:11:43 INFO    abductionbench.core.engine: dataset art [io_n-a_generation_static]: 283 prompt(s) ready (prompt_mode=io, hypothesis_mode=generation, delivery=static, 0 oversize, 0 replacement(s))
20:11:43 INFO    abductionbench.core.engine: dataset art [io_SCS_selection_static]: 300 prompt(s) ready (prompt_mode=io, selection_mode=SCS, hypothesis_mode=selection, delivery=static, 0 oversize, 0 replacement(s))
20:11:43 INFO    abductionbench.core.engine: dataset boxinggym [io_n-a_interactive]: 57 prompt(s) ready (prompt_mode=io, delivery=interactive, 0 oversize, 0 replacement(s))
20:11:44 INFO    abductionbench.core.engine: dataset causalab [io_n-a_interactive]: 100 prompt(s) ready (prompt_mode=io, delivery=interactive, 0 oversize, 0 replacement(s))
20:11:44 INFO    abductionbench.core.engine: dataset causalopsbench [io_SCS_static]: 300 prompt(s) ready (prompt_mode=io, selection_mode=SCS, delivery=static, 0 oversize, 0 replacement(s))
20:11:45 INFO    abductionbench.core.engine: dataset cloud_opsbench [io_n-a_interactive]: 300 prompt(s) ready (prompt_mode=io, delivery=interactive, 0 oversize, 0 replacement(s))
20:11:45 INFO    abductionbench.core.engine: dataset commonwhy [io_n-a_static]: 300 prompt(s) ready (prompt_mode=io, delivery=static, 0 oversize, 0 replacement(s))
20:11:45 INFO    abductionbench.core.engine: dataset crosstrace [io_n-a_static]: 107 prompt(s) ready (prompt_mode=io, delivery=static, 0 oversize, 0 replacement(s))
20:11:46 INFO    abductionbench.core.engine: dataset ddxplus [io_n-a_generation_interactive]: 300 prompt(s) ready (prompt_mode=io, hypothesis_mode=generation, delivery=interactive, 0 oversize, 0 replacement(s))
20:11:46 INFO    abductionbench.core.engine: dataset ddxplus [io_SCS_selection_interactive]: 300 prompt(s) ready (prompt_mode=io, selection_mode=SCS, hypothesis_mode=selection, delivery=interactive, 0 oversize, 0 replacement(s))
20:11:46 INFO    abductionbench.core.engine: dataset defab [io_MCS_static]: 300 prompt(s) ready (prompt_mode=io, selection_mode=MCS, delivery=static, 0 oversize, 0 replacement(s))
20:11:46 INFO    abductionbench.core.engine: dataset diagnosisarena [io_n-a_generation_static]: 300 prompt(s) ready (prompt_mode=io, hypothesis_mode=generation, delivery=static, 0 oversize, 0 replacement(s))
20:11:47 INFO    abductionbench.core.engine: dataset diagnosisarena [io_SCS_selection_static]: 300 prompt(s) ready (prompt_mode=io, selection_mode=SCS, hypothesis_mode=selection, delivery=static, 0 oversize, 0 replacement(s))
20:11:47 INFO    abductionbench.core.engine: dataset ecare [io_n-a_generation_static]: 300 prompt(s) ready (prompt_mode=io, hypothesis_mode=generation, delivery=static, 0 oversize, 0 replacement(s))
20:11:47 INFO    abductionbench.core.engine: dataset ecare [io_SCS_selection_static]: 300 prompt(s) ready (prompt_mode=io, selection_mode=SCS, hypothesis_mode=selection, delivery=static, 0 oversize, 0 replacement(s))
20:11:47 INFO    abductionbench.core.engine: dataset enwn_entailmentbank [io_n-a_static]: 300 prompt(s) ready (prompt_mode=io, delivery=static, 0 oversize, 0 replacement(s))
20:11:47 INFO    abductionbench.core.engine: dataset gear [io_SCS_static]: 300 prompt(s) ready (prompt_mode=io, selection_mode=SCS, delivery=static, 0 oversize, 0 replacement(s))
20:11:48 INFO    abductionbench.core.engine: dataset house_md [io_n-a_static]: 300 prompt(s) ready (prompt_mode=io, delivery=static, 0 oversize, 0 replacement(s))
20:11:49 INFO    abductionbench.core.engine: dataset hypoarena [io_n-a_static]: 300 prompt(s) ready (prompt_mode=io, delivery=static, 0 oversize, 0 replacement(s))
20:11:49 INFO    abductionbench.core.engine: dataset hypobench [io_n-a_static]: 141 prompt(s) ready (prompt_mode=io, delivery=static, 0 oversize, 0 replacement(s))
20:11:49 INFO    abductionbench.core.engine: dataset hypogen [io_n-a_static]: 50 prompt(s) ready (prompt_mode=io, delivery=static, 0 oversize, 0 replacement(s))
20:11:49 INFO    abductionbench.core.engine: dataset hypospace [io_n-a_static]: 300 prompt(s) ready (prompt_mode=io, delivery=static, 0 oversize, 0 replacement(s))
20:11:50 INFO    abductionbench.core.engine: dataset matter_to_mechanism [io_n-a_static]: 300 prompt(s) ready (prompt_mode=io, delivery=static, 0 oversize, 0 replacement(s))
20:11:50 INFO    abductionbench.core.engine: dataset med_inquire [io_n-a_generation_interactive]: 300 prompt(s) ready (prompt_mode=io, hypothesis_mode=generation, delivery=interactive, 0 oversize, 0 replacement(s))
20:11:50 INFO    abductionbench.core.sync: artifact sync ok (interval) in 4.7s -> gdrive:AbductionBench/20260906-201043_full
20:11:50 INFO    abductionbench.core.engine: dataset med_inquire [io_SCS_selection_interactive]: 300 prompt(s) ready (prompt_mode=io, selection_mode=SCS, hypothesis_mode=selection, delivery=interactive, 0 oversize, 0 replacement(s))
20:11:50 INFO    abductionbench.core.engine: dataset medcasereasoning [io_n-a_static]: 300 prompt(s) ready (prompt_mode=io, delivery=static, 0 oversize, 0 replacement(s))
20:11:51 INFO    abductionbench.core.engine: dataset medqdx [io_SCS_interactive]: 297 prompt(s) ready (prompt_mode=io, selection_mode=SCS, delivery=interactive, 0 oversize, 0 replacement(s))
20:11:51 INFO    abductionbench.core.engine: dataset medr_bench [io_n-a_static]: 300 prompt(s) ready (prompt_mode=io, delivery=static, 0 oversize, 0 replacement(s))
20:11:52 INFO    abductionbench.core.engine: dataset medups [io_n-a_generation_sequential]: 300 prompt(s) ready (prompt_mode=io, hypothesis_mode=generation, delivery=sequential, 0 oversize, 0 replacement(s))
20:11:52 INFO    abductionbench.core.engine: dataset medups [io_SCS_selection_sequential]: 300 prompt(s) ready (prompt_mode=io, selection_mode=SCS, hypothesis_mode=selection, delivery=sequential, 0 oversize, 0 replacement(s))
20:11:52 INFO    abductionbench.core.engine: dataset moose_chem2 [io_n-a_static]: 51 prompt(s) ready (prompt_mode=io, delivery=static, 0 oversize, 0 replacement(s))
20:11:53 INFO    abductionbench.core.engine: dataset musr [io_SCS_static]: 250 prompt(s) ready (prompt_mode=io, selection_mode=SCS, delivery=static, 0 oversize, 0 replacement(s))
20:11:53 INFO    abductionbench.core.engine: dataset neulr [io_n-a_static]: 300 prompt(s) ready (prompt_mode=io, delivery=static, 0 oversize, 0 replacement(s))
20:11:53 INFO    abductionbench.core.engine: dataset open_problems_2024 [io_n-a_static]: 84 prompt(s) ready (prompt_mode=io, delivery=static, 0 oversize, 0 replacement(s))
20:11:53 INFO    abductionbench.core.engine: dataset physgym [io_n-a_interactive]: 97 prompt(s) ready (prompt_mode=io, delivery=interactive, 0 oversize, 0 replacement(s))
20:11:53 INFO    abductionbench.core.engine: dataset proof_writer [io_n-a_static]: 300 prompt(s) ready (prompt_mode=io, delivery=static, 0 oversize, 0 replacement(s))
20:11:53 INFO    abductionbench.core.engine: dataset scilab [io_n-a_interactive]: 36 prompt(s) ready (prompt_mode=io, delivery=interactive, 0 oversize, 0 replacement(s))
20:11:56 INFO    abductionbench.core.engine: dataset scir [io_SCS_static]: 300 prompt(s) ready (prompt_mode=io, selection_mode=SCS, delivery=static, 0 oversize, 0 replacement(s))
20:11:56 INFO    abductionbench.core.engine: dataset synpat [io_n-a_static]: 300 prompt(s) ready (prompt_mode=io, delivery=static, 0 oversize, 0 replacement(s))
20:11:57 INFO    abductionbench.core.engine: dataset true_detective [io_SCS_static]: 191 prompt(s) ready (prompt_mode=io, selection_mode=SCS, delivery=static, 0 oversize, 0 replacement(s))
20:11:57 INFO    abductionbench.core.engine: dataset uncommonsense [io_n-a_static]: 300 prompt(s) ready (prompt_mode=io, delivery=static, 0 oversize, 0 replacement(s))
20:11:58 INFO    abductionbench.core.engine: dataset vivabench [io_n-a_generation_interactive]: 300 prompt(s) ready (prompt_mode=io, hypothesis_mode=generation, delivery=interactive, 0 oversize, 0 replacement(s))
20:11:58 INFO    abductionbench.core.engine: dataset vivabench [io_SCS_selection_interactive]: 165 prompt(s) ready (prompt_mode=io, selection_mode=SCS, hypothesis_mode=selection, delivery=interactive, 0 oversize, 0 replacement(s))
20:11:58 INFO    abductionbench.core.engine: dataset xcopa [io_SCS_static]: 300 prompt(s) ready (prompt_mode=io, selection_mode=SCS, delivery=static, 0 oversize, 0 replacement(s))
20:11:58 INFO    abductionbench.core.engine: planned 49 task(s)
20:11:58 WARNING abductionbench.core.engine: task abd__qwen3-5-2b-local__io_n-a_static: 300 of 300 prompt(s) had their output budget clamped by the model's 32768-token context window (worst: sample abd-abd_skeptical_v2_TH5_07 asked for 32000, got 29440). Scores for those samples may reflect a truncated answer.
20:11:58 INFO    abductionbench.core.engine: task abd__qwen3-5-2b-local__io_n-a_static: 300 prompt(s) -> 42 batch call(s) (group size 8, model=Qwen/Qwen3.5-2B)
20:11:58 INFO    abductionbench.core.engine: task abductionrules__qwen3-5-2b-local__io_n-a_static: 300 prompt(s) -> 38 batch call(s) (group size 8, model=Qwen/Qwen3.5-2B)
20:12:09 INFO    abductionbench.core.engine: task abd__qwen3-5-2b-local__io_n-a_static finished in 10.8s: formula_match=0.0000 (scored 300/300, 0 error(s))
20:12:09 WARNING abductionbench.core.engine: task aer__qwen3-5-2b-local__io_MCS_static: 300 of 300 prompt(s) had their output budget clamped by the model's 32768-token context window (worst: sample aer-q-2416 asked for 32000, got 31488). Scores for those samples may reflect a truncated answer.
20:12:09 INFO    abductionbench.core.engine: task aer__qwen3-5-2b-local__io_MCS_static: 300 prompt(s) -> 39 batch call(s) (group size 8, model=Qwen/Qwen3.5-2B)
20:12:17 INFO    abductionbench.core.engine: task abductionrules__qwen3-5-2b-local__io_n-a_static finished in 18.1s: exact_match=0.0400 (scored 300/300, 0 error(s))
20:12:17 INFO    abductionbench.core.engine: task agentrx__qwen3-5-2b-local__io_SCS_static: 95 prompt(s) -> 12 batch call(s) (group size 8, model=Qwen/Qwen3.5-2B)
20:12:22 INFO    abductionbench.core.engine: task aer__qwen3-5-2b-local__io_MCS_static finished in 12.3s: set_f1=0.6303 (scored 300/300, 0 error(s))
20:12:22 WARNING abductionbench.core.engine: task aiops2025__qwen3-5-2b-local__io_SCS_static: 103 of 103 prompt(s) had their output budget clamped by the model's 32768-token context window (worst: sample aiops-t042 asked for 32000, got 31232). Scores for those samples may reflect a truncated answer.
20:12:22 INFO    abductionbench.core.engine: task aiops2025__qwen3-5-2b-local__io_SCS_static: 103 prompt(s) -> 14 batch call(s) (group size 8, model=Qwen/Qwen3.5-2B)
20:12:23 INFO    abductionbench.core.engine: task agentrx__qwen3-5-2b-local__io_SCS_static finished in 6.1s: accuracy=0.3684 (scored 95/95, 0 error(s))
20:12:23 INFO    abductionbench.core.engine: task art__qwen3-5-2b-local__io_n-a_generation_static: 283 prompt(s) -> 36 batch call(s) (group size 8, model=Qwen/Qwen3.5-2B)
20:12:24 INFO    abductionbench.core.engine: task aiops2025__qwen3-5-2b-local__io_SCS_static finished in 2.6s: root_cause_match=0.0388 (scored 103/103, 0 error(s))
20:12:24 INFO    abductionbench.core.engine: task art__qwen3-5-2b-local__io_SCS_selection_static: 300 prompt(s) -> 38 batch call(s) (group size 8, model=Qwen/Qwen3.5-2B)
20:12:38 INFO    abductionbench.core.engine: task art__qwen3-5-2b-local__io_SCS_selection_static finished in 13.7s: accuracy=0.6933 (scored 300/300, 0 error(s))
20:12:38 INFO    abductionbench.core.engine: task boxinggym__qwen3-5-2b-local__io_n-a_interactive: 57 prompt(s) -> 8 batch call(s) (group size 8, model=Qwen/Qwen3.5-2B)
20:12:38 INFO    abductionbench.core.engine: task boxinggym__qwen3-5-2b-local__io_n-a_interactive: 57 episode(s), up to 25 turn(s) each (interactive delivery)
20:12:38 INFO    pymc.sampling.forward: Sampling: [death_outcome]
20:12:38 INFO    pymc.sampling.forward: Sampling: [death_outcome]
20:12:38 INFO    pymc.sampling.forward: Sampling: [death_outcome]
20:12:38 INFO    pymc.sampling.forward: Sampling: [death_outcome]
20:12:39 INFO    pymc.sampling.forward: Sampling: [death_outcome]
20:12:39 INFO    pymc.sampling.forward: Sampling: [death_outcome]
20:12:39 INFO    pymc.sampling.forward: Sampling: [death_outcome]
20:12:39 INFO    pymc.sampling.forward: Sampling: [death_outcome]
20:12:39 INFO    pymc.sampling.forward: Sampling: [death_outcome]
20:12:39 INFO    pymc.sampling.forward: Sampling: [death_outcome]
20:12:39 INFO    pymc.sampling.forward: Sampling: [death_outcome]
20:12:39 INFO    pymc.sampling.forward: Sampling: [death_outcome]
20:12:39 INFO    pymc.sampling.forward: Sampling: [death_outcome]
20:12:39 INFO    pymc.sampling.forward: Sampling: [death_outcome]
20:12:39 INFO    pymc.sampling.forward: Sampling: [death_outcome]
20:12:39 INFO    pymc.sampling.forward: Sampling: [death_outcome]
20:12:39 INFO    pymc.sampling.forward: Sampling: [death_outcome]
20:12:39 INFO    pymc.sampling.forward: Sampling: [death_outcome]
20:12:39 INFO    pymc.sampling.forward: Sampling: [death_outcome]
20:12:40 INFO    pymc.sampling.forward: Sampling: [death_outcome]
20:12:40 INFO    pymc.sampling.forward: Sampling: [death_outcome]
20:12:40 INFO    pymc.sampling.forward: Sampling: [death_outcome]
20:12:40 INFO    pymc.sampling.forward: Sampling: [death_outcome]
20:12:40 INFO    pymc.sampling.forward: Sampling: [death_outcome]
20:12:40 INFO    pymc.sampling.forward: Sampling: [death_outcome]
20:12:40 INFO    pymc.sampling.forward: Sampling: [death_outcome]
20:12:40 INFO    pymc.sampling.forward: Sampling: [death_outcome]
20:12:40 INFO    pymc.sampling.forward: Sampling: [death_outcome]
20:12:40 INFO    pymc.sampling.forward: Sampling: [death_outcome]
20:12:40 INFO    pymc.sampling.forward: Sampling: [death_outcome]
20:12:40 INFO    pymc.sampling.forward: Sampling: [death_outcome]
20:12:40 INFO    pymc.sampling.forward: Sampling: [death_outcome]
20:12:40 INFO    pymc.sampling.forward: Sampling: [death_outcome]
20:12:41 INFO    pymc.sampling.forward: Sampling: [death_outcome]
20:12:41 INFO    pymc.sampling.forward: Sampling: [death_outcome]
20:12:41 INFO    pymc.sampling.forward: Sampling: [death_outcome]
20:12:41 INFO    pymc.sampling.forward: Sampling: [death_outcome]
20:12:41 INFO    pymc.sampling.forward: Sampling: [death_outcome]
20:12:41 INFO    pymc.sampling.forward: Sampling: [death_outcome]
20:12:41 INFO    pymc.sampling.forward: Sampling: [death_outcome]
20:12:41 INFO    pymc.sampling.forward: Sampling: [death_outcome]
20:12:41 INFO    pymc.sampling.forward: Sampling: [death_outcome]
20:12:41 INFO    pymc.sampling.forward: Sampling: [death_outcome]
20:12:41 INFO    pymc.sampling.forward: Sampling: [death_outcome]
20:12:41 INFO    pymc.sampling.forward: Sampling: [death_outcome]
20:12:41 INFO    pymc.sampling.forward: Sampling: [death_outcome]
20:12:41 INFO    pymc.sampling.forward: Sampling: [death_outcome]
20:12:42 INFO    pymc.sampling.forward: Sampling: [death_outcome]
20:12:42 INFO    pymc.sampling.forward: Sampling: [death_outcome]
20:12:42 INFO    pymc.sampling.forward: Sampling: [death_outcome]
20:12:42 INFO    pymc.sampling.forward: Sampling: [death_outcome]
20:12:42 INFO    pymc.sampling.forward: Sampling: [death_outcome]
20:12:42 INFO    pymc.sampling.forward: Sampling: [death_outcome]
20:12:42 INFO    pymc.sampling.forward: Sampling: [death_outcome]
20:12:42 INFO    pymc.sampling.forward: Sampling: [death_outcome]
20:12:42 INFO    pymc.sampling.forward: Sampling: [death_outcome]
20:12:42 INFO    pymc.sampling.forward: Sampling: [death_outcome]
20:12:42 INFO    pymc.sampling.forward: Sampling: [death_outcome]
20:12:42 INFO    pymc.sampling.forward: Sampling: [death_outcome]
20:12:42 INFO    pymc.sampling.forward: Sampling: [death_outcome]
20:12:42 INFO    pymc.sampling.forward: Sampling: [death_outcome]
20:12:42 INFO    pymc.sampling.forward: Sampling: [death_outcome]
20:12:42 INFO    pymc.sampling.forward: Sampling: [death_outcome]
20:12:42 INFO    pymc.sampling.forward: Sampling: [death_outcome]
20:12:42 INFO    pymc.sampling.forward: Sampling: [death_outcome]
20:12:43 INFO    pymc.sampling.forward: Sampling: [death_outcome]
20:12:43 INFO    pymc.sampling.forward: Sampling: [death_outcome]
20:12:43 INFO    pymc.sampling.forward: Sampling: [death_outcome]
20:12:43 INFO    pymc.sampling.forward: Sampling: [death_outcome]
20:12:43 INFO    pymc.sampling.forward: Sampling: [death_outcome]
20:12:43 INFO    pymc.sampling.forward: Sampling: [death_outcome]
20:12:43 INFO    pymc.sampling.forward: Sampling: [death_outcome]
20:12:43 INFO    pymc.sampling.forward: Sampling: [death_outcome]
20:12:43 INFO    pymc.sampling.forward: Sampling: [death_outcome]
20:12:43 INFO    pymc.sampling.forward: Sampling: [death_outcome]
20:12:43 INFO    pymc.sampling.forward: Sampling: [death_outcome]
20:12:43 INFO    pymc.sampling.forward: Sampling: [death_outcome]
20:12:43 INFO    pymc.sampling.forward: Sampling: [death_outcome]
20:12:43 INFO    pymc.sampling.forward: Sampling: [death_outcome]
20:12:43 INFO    pymc.sampling.forward: Sampling: [death_outcome]
20:12:43 INFO    pymc.sampling.forward: Sampling: [death_outcome]
20:12:43 INFO    pymc.sampling.forward: Sampling: [death_outcome]
20:12:44 INFO    pymc.sampling.forward: Sampling: [death_outcome]
20:12:44 INFO    pymc.sampling.forward: Sampling: [death_outcome]
20:12:44 INFO    pymc.sampling.forward: Sampling: [death_outcome]
20:12:44 INFO    pymc.sampling.forward: Sampling: [death_outcome]
20:12:44 INFO    pymc.sampling.forward: Sampling: [death_outcome]
20:12:44 INFO    pymc.sampling.forward: Sampling: [death_outcome]
20:12:44 INFO    pymc.sampling.forward: Sampling: [death_outcome]
20:12:44 INFO    pymc.sampling.forward: Sampling: [death_outcome]
20:12:44 INFO    pymc.sampling.forward: Sampling: [death_outcome]
20:12:44 INFO    pymc.sampling.forward: Sampling: [death_outcome]
20:12:44 INFO    pymc.sampling.forward: Sampling: [death_outcome]
20:12:44 INFO    pymc.sampling.forward: Sampling: [death_outcome]
20:12:44 INFO    pymc.sampling.forward: Sampling: [death_outcome]
20:12:44 INFO    pymc.sampling.forward: Sampling: [death_outcome]
20:12:44 INFO    pymc.sampling.forward: Sampling: [death_outcome]
20:12:44 INFO    pymc.sampling.forward: Sampling: [death_outcome]
20:12:44 INFO    pymc.sampling.forward: Sampling: [death_outcome]
20:12:44 INFO    pymc.sampling.forward: Sampling: [death_outcome]
20:12:45 INFO    pymc.sampling.forward: Sampling: [death_outcome]
20:12:45 INFO    pymc.sampling.forward: Sampling: [death_outcome]
20:12:45 INFO    pymc.sampling.forward: Sampling: [death_outcome]
20:12:45 INFO    pymc.sampling.forward: Sampling: [death_outcome]
20:12:45 INFO    pymc.sampling.forward: Sampling: [death_outcome]
20:12:45 INFO    pymc.sampling.forward: Sampling: [death_outcome]
20:12:45 INFO    pymc.sampling.forward: Sampling: [death_outcome]
20:12:45 INFO    pymc.sampling.forward: Sampling: [death_outcome]
20:12:45 INFO    pymc.sampling.forward: Sampling: [death_outcome]
20:12:45 INFO    pymc.sampling.forward: Sampling: [death_outcome]
20:12:45 INFO    pymc.sampling.forward: Sampling: [death_outcome]
20:12:45 INFO    pymc.sampling.forward: Sampling: [death_outcome]
20:12:45 INFO    pymc.sampling.forward: Sampling: [death_outcome]
20:12:46 INFO    pymc.sampling.forward: Sampling: [death_outcome]
20:12:46 INFO    pymc.sampling.forward: Sampling: [death_outcome]
20:12:46 INFO    pymc.sampling.forward: Sampling: [death_outcome]
20:12:46 INFO    pymc.sampling.forward: Sampling: [death_outcome]
20:12:46 INFO    pymc.sampling.forward: Sampling: [death_outcome]
20:12:46 INFO    pymc.sampling.forward: Sampling: [death_outcome]
20:12:46 INFO    pymc.sampling.forward: Sampling: [death_outcome]
20:12:48 INFO    pymc.sampling.forward: Sampling: [death_outcome]
20:12:48 INFO    pymc.sampling.forward: Sampling: [death_outcome]
20:12:48 INFO    pymc.sampling.forward: Sampling: [death_outcome]
20:12:48 INFO    pymc.sampling.forward: Sampling: [death_outcome]
20:12:48 INFO    pymc.sampling.forward: Sampling: [death_outcome]
20:12:48 INFO    pymc.sampling.forward: Sampling: [death_outcome]
20:12:48 INFO    pymc.sampling.forward: Sampling: [death_outcome]
20:12:48 INFO    pymc.sampling.forward: Sampling: [death_outcome]
20:12:48 INFO    pymc.sampling.forward: Sampling: [death_outcome]
20:12:49 INFO    pymc.sampling.forward: Sampling: [death_outcome]
20:12:49 INFO    pymc.sampling.forward: Sampling: [death_outcome]
20:12:49 INFO    pymc.sampling.forward: Sampling: [death_outcome]
20:12:49 INFO    pymc.sampling.forward: Sampling: [death_outcome]
20:12:49 INFO    pymc.sampling.forward: Sampling: [death_outcome]
20:12:49 INFO    pymc.sampling.forward: Sampling: [death_outcome]
20:12:49 INFO    pymc.sampling.forward: Sampling: [death_outcome]
20:12:49 INFO    pymc.sampling.forward: Sampling: [death_outcome]
20:12:49 INFO    pymc.sampling.forward: Sampling: [death_outcome]
20:12:49 INFO    pymc.sampling.forward: Sampling: [death_outcome]
20:12:49 INFO    pymc.sampling.forward: Sampling: [death_outcome]
20:12:49 INFO    pymc.sampling.forward: Sampling: [death_outcome]
20:12:49 INFO    pymc.sampling.forward: Sampling: [death_outcome]
20:12:49 INFO    pymc.sampling.forward: Sampling: [death_outcome]
20:12:49 INFO    pymc.sampling.forward: Sampling: [death_outcome]
20:12:49 INFO    pymc.sampling.forward: Sampling: [death_outcome]
20:12:49 INFO    pymc.sampling.forward: Sampling: [death_outcome]
20:12:49 INFO    pymc.sampling.forward: Sampling: [death_outcome]
20:12:50 INFO    pymc.sampling.forward: Sampling: [death_outcome]
20:12:50 INFO    pymc.sampling.forward: Sampling: [death_outcome]
20:12:50 INFO    pymc.sampling.forward: Sampling: [death_outcome]
20:12:50 INFO    pymc.sampling.forward: Sampling: [death_outcome]
20:12:50 INFO    pymc.sampling.forward: Sampling: [death_outcome]
20:12:50 INFO    pymc.sampling.forward: Sampling: [death_outcome]
20:12:50 INFO    pymc.sampling.forward: Sampling: [death_outcome]
20:12:50 INFO    pymc.sampling.forward: Sampling: [death_outcome]
20:12:50 INFO    pymc.sampling.forward: Sampling: [death_outcome]
20:12:50 INFO    pymc.sampling.forward: Sampling: [death_outcome]
20:12:51 INFO    pymc.sampling.forward: Sampling: [death_outcome]
20:12:51 INFO    pymc.sampling.forward: Sampling: [death_outcome]
20:12:51 INFO    pymc.sampling.forward: Sampling: [death_outcome]
20:12:51 INFO    pymc.sampling.forward: Sampling: [death_outcome]
20:12:51 INFO    pymc.sampling.forward: Sampling: [death_outcome]
20:12:51 INFO    pymc.sampling.forward: Sampling: [death_outcome]
20:12:51 INFO    pymc.sampling.forward: Sampling: [death_outcome]
20:12:51 INFO    pymc.sampling.forward: Sampling: [death_outcome]
20:12:51 INFO    pymc.sampling.forward: Sampling: [death_outcome]
20:12:51 INFO    pymc.sampling.forward: Sampling: [death_outcome]
20:12:51 INFO    pymc.sampling.forward: Sampling: [death_outcome]
20:12:51 INFO    pymc.sampling.forward: Sampling: [death_outcome]
20:12:52 INFO    pymc.sampling.forward: Sampling: [death_outcome]
20:12:52 INFO    pymc.sampling.forward: Sampling: [death_outcome]
20:12:52 INFO    pymc.sampling.forward: Sampling: [death_outcome]
20:12:52 INFO    pymc.sampling.forward: Sampling: [death_outcome]
20:12:52 INFO    pymc.sampling.forward: Sampling: [death_outcome]
20:12:52 INFO    pymc.sampling.forward: Sampling: [death_outcome]
20:12:52 INFO    pymc.sampling.forward: Sampling: [death_outcome]
20:12:52 INFO    pymc.sampling.forward: Sampling: [death_outcome]
20:12:52 INFO    pymc.sampling.forward: Sampling: [death_outcome]
20:12:52 INFO    pymc.sampling.forward: Sampling: [death_outcome]
20:12:52 INFO    pymc.sampling.forward: Sampling: [death_outcome]
20:12:52 INFO    pymc.sampling.forward: Sampling: [death_outcome]
20:12:53 INFO    pymc.sampling.forward: Sampling: [death_outcome]
20:12:53 INFO    pymc.sampling.forward: Sampling: [death_outcome]
20:12:53 INFO    pymc.sampling.forward: Sampling: [death_outcome]
20:12:53 INFO    pymc.sampling.forward: Sampling: [death_outcome]
20:12:53 INFO    pymc.sampling.forward: Sampling: [death_outcome]
20:12:53 INFO    pymc.sampling.forward: Sampling: [death_outcome]
20:12:53 INFO    pymc.sampling.forward: Sampling: [death_outcome]
20:12:53 INFO    pymc.sampling.forward: Sampling: [death_outcome]
20:12:53 INFO    pymc.sampling.forward: Sampling: [death_outcome]
20:12:53 INFO    pymc.sampling.forward: Sampling: [death_outcome]
20:12:53 INFO    pymc.sampling.forward: Sampling: [death_outcome]
20:12:53 INFO    pymc.sampling.forward: Sampling: [death_outcome]
20:12:53 INFO    pymc.sampling.forward: Sampling: [death_outcome]
20:12:54 INFO    pymc.sampling.forward: Sampling: [death_outcome]
20:12:54 INFO    pymc.sampling.forward: Sampling: [death_outcome]
20:12:54 INFO    pymc.sampling.forward: Sampling: [death_outcome]
20:12:54 INFO    pymc.sampling.forward: Sampling: [death_outcome]
20:12:54 INFO    pymc.sampling.forward: Sampling: [death_outcome]
20:12:54 INFO    pymc.sampling.forward: Sampling: [death_outcome]
20:12:54 INFO    pymc.sampling.forward: Sampling: [death_outcome]
20:12:54 INFO    pymc.sampling.forward: Sampling: [death_outcome]
20:12:54 INFO    pymc.sampling.forward: Sampling: [death_outcome]
20:12:54 INFO    pymc.sampling.forward: Sampling: [death_outcome]
20:12:54 INFO    pymc.sampling.forward: Sampling: [death_outcome]
20:12:54 INFO    pymc.sampling.forward: Sampling: [death_outcome]
20:12:54 INFO    pymc.sampling.forward: Sampling: [death_outcome]
20:12:55 INFO    pymc.sampling.forward: Sampling: [death_outcome]
20:12:55 INFO    pymc.sampling.forward: Sampling: [death_outcome]
20:12:55 INFO    pymc.sampling.forward: Sampling: [death_outcome]
20:12:55 INFO    pymc.sampling.forward: Sampling: [death_outcome]
20:12:55 INFO    pymc.sampling.forward: Sampling: [death_outcome]
20:12:55 INFO    pymc.sampling.forward: Sampling: [death_outcome]
20:12:55 INFO    pymc.sampling.forward: Sampling: [death_outcome]
20:12:55 INFO    pymc.sampling.forward: Sampling: [death_outcome]
20:12:55 INFO    pymc.sampling.forward: Sampling: [death_outcome]
20:12:55 INFO    pymc.sampling.forward: Sampling: [death_outcome]
20:12:55 INFO    pymc.sampling.forward: Sampling: [death_outcome]
20:12:55 INFO    pymc.sampling.forward: Sampling: [death_outcome]
20:12:55 INFO    pymc.sampling.forward: Sampling: [death_outcome]
20:12:55 INFO    pymc.sampling.forward: Sampling: [death_outcome]
20:12:55 INFO    pymc.sampling.forward: Sampling: [death_outcome]
20:12:55 INFO    pymc.sampling.forward: Sampling: [death_outcome]
20:12:55 INFO    pymc.sampling.forward: Sampling: [death_outcome]
20:12:55 INFO    pymc.sampling.forward: Sampling: [death_outcome]
20:12:55 INFO    pymc.sampling.forward: Sampling: [death_outcome]
20:12:55 INFO    pymc.sampling.forward: Sampling: [death_outcome]
20:12:56 INFO    pymc.sampling.forward: Sampling: [death_outcome]
20:12:56 INFO    pymc.sampling.forward: Sampling: [death_outcome]
20:12:56 INFO    pymc.sampling.forward: Sampling: [death_outcome]
20:12:56 INFO    pymc.sampling.forward: Sampling: [death_outcome]
20:12:56 INFO    pymc.sampling.forward: Sampling: [death_outcome]
20:12:56 INFO    pymc.sampling.forward: Sampling: [death_outcome]
20:12:56 INFO    pymc.sampling.forward: Sampling: [death_outcome]
20:12:56 INFO    pymc.sampling.forward: Sampling: [death_outcome]
20:12:56 INFO    pymc.sampling.forward: Sampling: [death_outcome]
20:12:56 INFO    pymc.sampling.forward: Sampling: [death_outcome]
20:12:56 INFO    pymc.sampling.forward: Sampling: [death_outcome]
20:12:56 INFO    pymc.sampling.forward: Sampling: [death_outcome]
20:12:57 INFO    pymc.sampling.forward: Sampling: [death_outcome]
20:12:57 INFO    pymc.sampling.forward: Sampling: [death_outcome]
20:12:57 INFO    pymc.sampling.forward: Sampling: [death_outcome]
20:12:57 INFO    pymc.sampling.forward: Sampling: [death_outcome]
20:12:57 INFO    pymc.sampling.forward: Sampling: [death_outcome]
20:12:57 INFO    pymc.sampling.forward: Sampling: [death_outcome]
20:12:57 INFO    pymc.sampling.forward: Sampling: [death_outcome]
20:12:57 INFO    pymc.sampling.forward: Sampling: [death_outcome]
20:12:57 INFO    pymc.sampling.forward: Sampling: [death_outcome]
20:12:57 INFO    pymc.sampling.forward: Sampling: [death_outcome]
20:12:58 INFO    pymc.sampling.forward: Sampling: [death_outcome]
20:12:58 INFO    pymc.sampling.forward: Sampling: [death_outcome]
20:12:58 INFO    pymc.sampling.forward: Sampling: [death_outcome]
20:12:58 INFO    pymc.sampling.forward: Sampling: [death_outcome]
20:12:58 INFO    pymc.sampling.forward: Sampling: [death_outcome]
20:12:58 INFO    pymc.sampling.forward: Sampling: [death_outcome]
20:12:58 INFO    pymc.sampling.forward: Sampling: [death_outcome]
20:12:58 INFO    pymc.sampling.forward: Sampling: [death_outcome]
20:12:58 INFO    pymc.sampling.forward: Sampling: [death_outcome]
20:12:58 INFO    pymc.sampling.forward: Sampling: [death_outcome]
20:12:59 INFO    pymc.sampling.forward: Sampling: [death_outcome]
20:12:59 INFO    pymc.sampling.forward: Sampling: [death_outcome]
20:12:59 INFO    pymc.sampling.forward: Sampling: [death_outcome]
20:12:59 INFO    pymc.sampling.forward: Sampling: [death_outcome]
20:12:59 INFO    pymc.sampling.forward: Sampling: [death_outcome]
20:12:59 INFO    pymc.sampling.forward: Sampling: [death_outcome]
20:12:59 INFO    pymc.sampling.forward: Sampling: [death_outcome]
20:12:59 INFO    pymc.sampling.forward: Sampling: [death_outcome]
20:12:59 INFO    pymc.sampling.forward: Sampling: [death_outcome]
20:12:59 INFO    pymc.sampling.forward: Sampling: [death_outcome]
20:12:59 INFO    pymc.sampling.forward: Sampling: [death_outcome]
20:12:59 INFO    pymc.sampling.forward: Sampling: [death_outcome]
20:13:00 INFO    pymc.sampling.forward: Sampling: [death_outcome]
20:13:00 INFO    pymc.sampling.forward: Sampling: [death_outcome]
20:13:00 INFO    pymc.sampling.forward: Sampling: [death_outcome]
20:13:00 INFO    pymc.sampling.forward: Sampling: [death_outcome]
20:13:00 INFO    pymc.sampling.forward: Sampling: [death_outcome]
20:13:00 INFO    pymc.sampling.forward: Sampling: [death_outcome]
20:13:00 INFO    pymc.sampling.forward: Sampling: [death_outcome]
20:13:00 INFO    pymc.sampling.forward: Sampling: [death_outcome]
20:13:00 INFO    pymc.sampling.forward: Sampling: [death_outcome]
20:13:00 INFO    pymc.sampling.forward: Sampling: [death_outcome]
20:13:00 INFO    pymc.sampling.forward: Sampling: [death_outcome]
20:13:00 INFO    pymc.sampling.forward: Sampling: [death_outcome]
20:13:00 INFO    pymc.sampling.forward: Sampling: [death_outcome]
20:13:00 INFO    pymc.sampling.forward: Sampling: [death_outcome]
20:13:01 INFO    pymc.sampling.forward: Sampling: [death_outcome]
20:13:01 INFO    pymc.sampling.forward: Sampling: [death_outcome]
20:13:01 INFO    pymc.sampling.forward: Sampling: [death_outcome]
20:13:01 INFO    pymc.sampling.forward: Sampling: [death_outcome]
20:13:01 INFO    pymc.sampling.forward: Sampling: [death_outcome]
20:13:01 INFO    pymc.sampling.forward: Sampling: [death_outcome]
20:13:01 INFO    pymc.sampling.forward: Sampling: [death_outcome]
20:13:01 INFO    pymc.sampling.forward: Sampling: [death_outcome]
20:13:01 INFO    pymc.sampling.forward: Sampling: [death_outcome]
20:13:01 INFO    pymc.sampling.forward: Sampling: [death_outcome]
20:13:01 INFO    pymc.sampling.forward: Sampling: [death_outcome]
20:13:01 INFO    pymc.sampling.forward: Sampling: [death_outcome]
20:13:01 INFO    pymc.sampling.forward: Sampling: [death_outcome]
20:13:01 INFO    pymc.sampling.forward: Sampling: [death_outcome]
20:13:01 INFO    pymc.sampling.forward: Sampling: [death_outcome]
20:13:01 INFO    pymc.sampling.forward: Sampling: [death_outcome]
20:13:02 INFO    pymc.sampling.forward: Sampling: [death_outcome]
20:13:02 INFO    pymc.sampling.forward: Sampling: [death_outcome]
20:13:02 INFO    pymc.sampling.forward: Sampling: [death_outcome]
20:13:02 INFO    pymc.sampling.forward: Sampling: [death_outcome]
20:13:02 INFO    pymc.sampling.forward: Sampling: [death_outcome]
20:13:02 INFO    pymc.sampling.forward: Sampling: [death_outcome]
20:13:02 INFO    pymc.sampling.forward: Sampling: [death_outcome]
20:13:02 INFO    pymc.sampling.forward: Sampling: [death_outcome]
20:13:03 INFO    pymc.sampling.forward: Sampling: [death_outcome]
20:13:03 INFO    pymc.sampling.forward: Sampling: [death_outcome]
20:13:03 INFO    pymc.sampling.forward: Sampling: [death_outcome]
20:13:03 INFO    pymc.sampling.forward: Sampling: [death_outcome]
20:13:03 INFO    pymc.sampling.forward: Sampling: [death_outcome]
20:13:03 INFO    pymc.sampling.forward: Sampling: [death_outcome]
20:13:03 INFO    pymc.sampling.forward: Sampling: [death_outcome]
20:13:04 INFO    pymc.sampling.forward: Sampling: [death_outcome]
20:13:04 INFO    pymc.sampling.forward: Sampling: [death_outcome]
20:13:04 INFO    pymc.sampling.forward: Sampling: [death_outcome]
20:13:04 INFO    pymc.sampling.forward: Sampling: [death_outcome]
20:13:04 INFO    pymc.sampling.forward: Sampling: [death_outcome]
20:13:04 INFO    pymc.sampling.forward: Sampling: [death_outcome]
20:13:04 INFO    pymc.sampling.forward: Sampling: [death_outcome]
20:13:04 INFO    pymc.sampling.forward: Sampling: [death_outcome]
20:13:05 INFO    pymc.sampling.forward: Sampling: [death_outcome]
20:13:05 INFO    pymc.sampling.forward: Sampling: [death_outcome]
20:13:05 INFO    pymc.sampling.forward: Sampling: [death_outcome]
20:13:05 INFO    pymc.sampling.forward: Sampling: [death_outcome]
20:13:05 INFO    pymc.sampling.forward: Sampling: [death_outcome]
20:13:05 INFO    pymc.sampling.forward: Sampling: [death_outcome]
20:13:05 INFO    pymc.sampling.forward: Sampling: [death_outcome]
20:13:05 INFO    pymc.sampling.forward: Sampling: [death_outcome]
20:13:06 INFO    pymc.sampling.forward: Sampling: [death_outcome]
20:13:08 INFO    pymc.sampling.forward: Sampling: [death_outcome]
20:13:08 INFO    pymc.sampling.forward: Sampling: [death_outcome]
20:13:08 INFO    pymc.sampling.forward: Sampling: [death_outcome]
20:13:08 INFO    pymc.sampling.forward: Sampling: [death_outcome]
20:13:08 INFO    pymc.sampling.forward: Sampling: [death_outcome]
20:13:08 INFO    pymc.sampling.forward: Sampling: [death_outcome]
20:13:09 INFO    pymc.sampling.forward: Sampling: [death_outcome]
20:13:09 INFO    pymc.sampling.forward: Sampling: [death_outcome]
20:13:09 INFO    pymc.sampling.forward: Sampling: [death_outcome]
20:13:09 INFO    pymc.sampling.forward: Sampling: [death_outcome]
20:13:09 INFO    pymc.sampling.forward: Sampling: [death_outcome]
20:13:09 INFO    pymc.sampling.forward: Sampling: [death_outcome]
20:13:09 INFO    pymc.sampling.forward: Sampling: [death_outcome]
20:13:10 INFO    pymc.sampling.forward: Sampling: [death_outcome]
20:13:10 INFO    pymc.sampling.forward: Sampling: [death_outcome]
20:13:10 INFO    pymc.sampling.forward: Sampling: [death_outcome]
20:13:10 INFO    pymc.sampling.forward: Sampling: [death_outcome]
20:13:10 INFO    pymc.sampling.forward: Sampling: [death_outcome]
20:13:10 INFO    pymc.sampling.forward: Sampling: [death_outcome]
20:13:10 INFO    pymc.sampling.forward: Sampling: [death_outcome]
20:13:10 INFO    pymc.sampling.forward: Sampling: [death_outcome]
20:13:11 INFO    pymc.sampling.forward: Sampling: [death_outcome]
20:13:11 INFO    pymc.sampling.forward: Sampling: [death_outcome]
20:13:11 INFO    pymc.sampling.forward: Sampling: [death_outcome]
20:13:11 INFO    pymc.sampling.forward: Sampling: [death_outcome]
20:13:11 INFO    pymc.sampling.forward: Sampling: [death_outcome]
20:13:11 INFO    pymc.sampling.forward: Sampling: [death_outcome]
20:13:11 INFO    pymc.sampling.forward: Sampling: [death_outcome]
20:13:12 INFO    pymc.sampling.forward: Sampling: [death_outcome]
20:13:12 INFO    pymc.sampling.forward: Sampling: [death_outcome]
20:13:12 INFO    pymc.sampling.forward: Sampling: [death_outcome]
20:13:12 INFO    pymc.sampling.forward: Sampling: [death_outcome]
20:13:12 INFO    pymc.sampling.forward: Sampling: [death_outcome]
20:13:12 INFO    pymc.sampling.forward: Sampling: [death_outcome]
20:13:12 INFO    pymc.sampling.forward: Sampling: [death_outcome]
20:13:12 INFO    pymc.sampling.forward: Sampling: [death_outcome]
20:13:13 INFO    pymc.sampling.forward: Sampling: [death_outcome]
20:13:13 INFO    pymc.sampling.forward: Sampling: [death_outcome]
20:13:13 INFO    pymc.sampling.forward: Sampling: [death_outcome]
20:13:13 INFO    pymc.sampling.forward: Sampling: [death_outcome]
20:13:13 INFO    pymc.sampling.forward: Sampling: [death_outcome]
20:13:13 INFO    pymc.sampling.forward: Sampling: [death_outcome]
20:13:13 INFO    pymc.sampling.forward: Sampling: [death_outcome]
20:13:14 INFO    pymc.sampling.forward: Sampling: [death_outcome]
20:13:14 INFO    pymc.sampling.forward: Sampling: [death_outcome]
20:13:14 INFO    pymc.sampling.forward: Sampling: [death_outcome]
20:13:14 INFO    pymc.sampling.forward: Sampling: [death_outcome]
20:13:14 INFO    pymc.sampling.forward: Sampling: [death_outcome]
20:13:14 INFO    pymc.sampling.forward: Sampling: [death_outcome]
20:13:14 INFO    pymc.sampling.forward: Sampling: [death_outcome]
20:13:14 INFO    pymc.sampling.forward: Sampling: [death_outcome]
20:13:14 INFO    pymc.sampling.forward: Sampling: [death_outcome]
20:13:15 INFO    pymc.sampling.forward: Sampling: [death_outcome]
20:13:15 INFO    pymc.sampling.forward: Sampling: [death_outcome]
20:13:15 INFO    pymc.sampling.forward: Sampling: [death_outcome]
20:13:15 INFO    pymc.sampling.forward: Sampling: [death_outcome]
20:13:15 INFO    pymc.sampling.forward: Sampling: [death_outcome]
20:13:15 INFO    pymc.sampling.forward: Sampling: [death_outcome]
20:13:15 INFO    pymc.sampling.forward: Sampling: [death_outcome]
20:13:16 INFO    pymc.sampling.forward: Sampling: [death_outcome]
20:13:16 INFO    pymc.sampling.forward: Sampling: [death_outcome]
20:13:16 INFO    pymc.sampling.forward: Sampling: [death_outcome]
20:13:16 INFO    pymc.sampling.forward: Sampling: [death_outcome]
20:13:16 INFO    pymc.sampling.forward: Sampling: [death_outcome]
20:13:16 INFO    pymc.sampling.forward: Sampling: [death_outcome]
20:13:16 INFO    pymc.sampling.forward: Sampling: [death_outcome]
20:13:16 INFO    pymc.sampling.forward: Sampling: [death_outcome]
20:13:17 INFO    pymc.sampling.forward: Sampling: [death_outcome]
20:13:17 INFO    pymc.sampling.forward: Sampling: [death_outcome]
20:13:17 INFO    pymc.sampling.forward: Sampling: [death_outcome]
20:13:17 INFO    pymc.sampling.forward: Sampling: [death_outcome]
20:13:17 INFO    pymc.sampling.forward: Sampling: [death_outcome]
20:13:17 INFO    pymc.sampling.forward: Sampling: [death_outcome]
20:13:17 INFO    pymc.sampling.forward: Sampling: [death_outcome]
20:13:17 INFO    pymc.sampling.forward: Sampling: [death_outcome]
20:13:18 INFO    pymc.sampling.forward: Sampling: [death_outcome]
20:13:18 INFO    pymc.sampling.forward: Sampling: [death_outcome]
20:13:18 INFO    pymc.sampling.forward: Sampling: [death_outcome]
20:13:18 INFO    pymc.sampling.forward: Sampling: [death_outcome]
20:13:18 INFO    pymc.sampling.forward: Sampling: [death_outcome]
20:13:18 INFO    pymc.sampling.forward: Sampling: [death_outcome]
20:13:18 INFO    pymc.sampling.forward: Sampling: [death_outcome]
20:13:18 INFO    pymc.sampling.forward: Sampling: [death_outcome]
20:13:18 INFO    pymc.sampling.forward: Sampling: [death_outcome]
20:13:18 INFO    pymc.sampling.forward: Sampling: [death_outcome]
20:13:19 INFO    pymc.sampling.forward: Sampling: [death_outcome]
20:13:19 INFO    pymc.sampling.forward: Sampling: [death_outcome]
20:13:19 INFO    pymc.sampling.forward: Sampling: [death_outcome]
20:13:19 INFO    pymc.sampling.forward: Sampling: [death_outcome]
20:13:19 INFO    pymc.sampling.forward: Sampling: [death_outcome]
20:13:19 INFO    pymc.sampling.forward: Sampling: [death_outcome]
20:13:19 INFO    pymc.sampling.forward: Sampling: [death_outcome]
20:13:19 INFO    pymc.sampling.forward: Sampling: [death_outcome]
20:13:19 INFO    pymc.sampling.forward: Sampling: [death_outcome]
20:13:19 INFO    pymc.sampling.forward: Sampling: [death_outcome]
20:13:19 INFO    pymc.sampling.forward: Sampling: [death_outcome]
20:13:20 INFO    pymc.sampling.forward: Sampling: [death_outcome]
20:13:20 INFO    pymc.sampling.forward: Sampling: [death_outcome]
20:13:20 INFO    pymc.sampling.forward: Sampling: [death_outcome]
20:13:20 INFO    pymc.sampling.forward: Sampling: [death_outcome]
20:13:20 INFO    pymc.sampling.forward: Sampling: [death_outcome]
20:13:20 INFO    pymc.sampling.forward: Sampling: [death_outcome]
20:13:20 INFO    pymc.sampling.forward: Sampling: [death_outcome]
20:13:20 INFO    pymc.sampling.forward: Sampling: [death_outcome]
20:13:20 INFO    pymc.sampling.forward: Sampling: [death_outcome]
20:13:20 INFO    pymc.sampling.forward: Sampling: [death_outcome]
20:13:21 INFO    pymc.sampling.forward: Sampling: [death_outcome]
20:13:21 INFO    pymc.sampling.forward: Sampling: [death_outcome]
20:13:21 INFO    pymc.sampling.forward: Sampling: [death_outcome]
20:13:21 INFO    pymc.sampling.forward: Sampling: [death_outcome]
20:13:21 INFO    pymc.sampling.forward: Sampling: [death_outcome]
20:13:21 INFO    pymc.sampling.forward: Sampling: [death_outcome]
20:13:21 INFO    pymc.sampling.forward: Sampling: [death_outcome]
20:13:21 INFO    pymc.sampling.forward: Sampling: [death_outcome]
20:13:21 INFO    pymc.sampling.forward: Sampling: [death_outcome]
20:13:21 INFO    pymc.sampling.forward: Sampling: [death_outcome]
20:13:22 INFO    pymc.sampling.forward: Sampling: [death_outcome]
20:13:22 INFO    pymc.sampling.forward: Sampling: [death_outcome]
20:13:22 INFO    pymc.sampling.forward: Sampling: [death_outcome]
20:13:22 INFO    pymc.sampling.forward: Sampling: [death_outcome]
20:13:22 INFO    pymc.sampling.forward: Sampling: [death_outcome]
20:13:22 INFO    pymc.sampling.forward: Sampling: [death_outcome]
20:13:22 INFO    pymc.sampling.forward: Sampling: [death_outcome]
20:13:22 INFO    pymc.sampling.forward: Sampling: [death_outcome]
20:13:23 INFO    pymc.sampling.forward: Sampling: [death_outcome]
20:13:23 INFO    pymc.sampling.forward: Sampling: [death_outcome]
20:13:23 INFO    pymc.sampling.forward: Sampling: [death_outcome]
20:13:23 INFO    pymc.sampling.forward: Sampling: [death_outcome]
20:13:23 INFO    pymc.sampling.forward: Sampling: [death_outcome]
20:13:23 INFO    pymc.sampling.forward: Sampling: [death_outcome]
20:13:23 INFO    pymc.sampling.forward: Sampling: [death_outcome]
20:13:23 INFO    pymc.sampling.forward: Sampling: [death_outcome]
20:13:23 INFO    pymc.sampling.forward: Sampling: [death_outcome]
20:13:23 INFO    pymc.sampling.forward: Sampling: [death_outcome]
20:13:23 INFO    pymc.sampling.forward: Sampling: [death_outcome]
20:13:23 INFO    pymc.sampling.forward: Sampling: [death_outcome]
20:13:24 INFO    pymc.sampling.forward: Sampling: [death_outcome]
20:13:24 INFO    pymc.sampling.forward: Sampling: [death_outcome]
20:13:24 INFO    pymc.sampling.forward: Sampling: [death_outcome]
20:13:24 INFO    pymc.sampling.forward: Sampling: [death_outcome]
20:13:24 INFO    pymc.sampling.forward: Sampling: [death_outcome]
20:13:24 INFO    pymc.sampling.forward: Sampling: [death_outcome]
20:13:24 INFO    pymc.sampling.forward: Sampling: [death_outcome]
20:13:24 INFO    pymc.sampling.forward: Sampling: [death_outcome]
20:13:24 INFO    pymc.sampling.forward: Sampling: [death_outcome]
20:13:24 INFO    pymc.sampling.forward: Sampling: [death_outcome]
20:13:25 INFO    pymc.sampling.forward: Sampling: [death_outcome]
20:13:25 INFO    pymc.sampling.forward: Sampling: [death_outcome]
20:13:25 INFO    pymc.sampling.forward: Sampling: [death_outcome]
20:13:25 INFO    pymc.sampling.forward: Sampling: [death_outcome]
20:13:25 INFO    pymc.sampling.forward: Sampling: [death_outcome]
20:13:25 INFO    pymc.sampling.forward: Sampling: [death_outcome]
20:13:25 INFO    pymc.sampling.forward: Sampling: [death_outcome]
20:13:25 INFO    pymc.sampling.forward: Sampling: [death_outcome]
20:13:25 INFO    pymc.sampling.forward: Sampling: [death_outcome]
20:13:26 INFO    pymc.sampling.forward: Sampling: [death_outcome]
20:13:26 INFO    pymc.sampling.forward: Sampling: [death_outcome]
20:13:26 INFO    pymc.sampling.forward: Sampling: [death_outcome]
20:13:26 INFO    pymc.sampling.forward: Sampling: [death_outcome]
20:13:26 INFO    pymc.sampling.forward: Sampling: [death_outcome]
20:13:26 INFO    pymc.sampling.forward: Sampling: [death_outcome]
20:13:26 INFO    pymc.sampling.forward: Sampling: [death_outcome]
20:13:26 INFO    pymc.sampling.forward: Sampling: [death_outcome]
20:13:26 INFO    pymc.sampling.forward: Sampling: [death_outcome]
20:13:27 INFO    pymc.sampling.forward: Sampling: [death_outcome]
20:13:27 INFO    pymc.sampling.forward: Sampling: [death_outcome]
20:13:27 INFO    pymc.sampling.forward: Sampling: [death_outcome]
20:13:27 INFO    pymc.sampling.forward: Sampling: [death_outcome]
20:13:29 INFO    pymc.sampling.forward: Sampling: [death_outcome]
20:13:29 INFO    pymc.sampling.forward: Sampling: [death_outcome]
20:13:29 INFO    pymc.sampling.forward: Sampling: [death_outcome]
20:13:29 INFO    pymc.sampling.forward: Sampling: [death_outcome]
20:13:30 INFO    pymc.sampling.forward: Sampling: [death_outcome]
20:13:30 INFO    pymc.sampling.forward: Sampling: [death_outcome]
20:13:30 INFO    pymc.sampling.forward: Sampling: [death_outcome]
20:13:30 INFO    pymc.sampling.forward: Sampling: [death_outcome]
20:13:30 INFO    pymc.sampling.forward: Sampling: [death_outcome]
20:13:30 INFO    pymc.sampling.forward: Sampling: [death_outcome]
20:13:30 INFO    pymc.sampling.forward: Sampling: [death_outcome]
20:13:31 INFO    pymc.sampling.forward: Sampling: [death_outcome]
20:13:31 INFO    pymc.sampling.forward: Sampling: [death_outcome]
20:13:31 INFO    pymc.sampling.forward: Sampling: [death_outcome]
20:13:31 INFO    pymc.sampling.forward: Sampling: [death_outcome]
20:13:31 INFO    pymc.sampling.forward: Sampling: [death_outcome]
20:13:31 INFO    pymc.sampling.forward: Sampling: [death_outcome]
20:13:31 INFO    pymc.sampling.forward: Sampling: [death_outcome]
20:13:32 INFO    pymc.sampling.forward: Sampling: [death_outcome]
20:13:32 INFO    pymc.sampling.forward: Sampling: [death_outcome]
20:13:32 INFO    pymc.sampling.forward: Sampling: [death_outcome]
20:13:32 INFO    pymc.sampling.forward: Sampling: [death_outcome]
20:13:32 INFO    pymc.sampling.forward: Sampling: [death_outcome]
20:13:32 INFO    pymc.sampling.forward: Sampling: [death_outcome]
20:13:32 INFO    pymc.sampling.forward: Sampling: [death_outcome]
20:13:32 INFO    pymc.sampling.forward: Sampling: [death_outcome]
20:13:33 INFO    pymc.sampling.forward: Sampling: [death_outcome]
20:13:33 INFO    pymc.sampling.forward: Sampling: [death_outcome]
20:13:33 INFO    pymc.sampling.forward: Sampling: [death_outcome]
20:13:33 INFO    pymc.sampling.forward: Sampling: [death_outcome]
20:13:33 INFO    pymc.sampling.forward: Sampling: [death_outcome]
20:13:33 INFO    pymc.sampling.forward: Sampling: [death_outcome]
20:13:33 INFO    pymc.sampling.forward: Sampling: [death_outcome]
20:13:33 INFO    pymc.sampling.forward: Sampling: [death_outcome]
20:13:34 INFO    pymc.sampling.forward: Sampling: [death_outcome]
20:13:34 INFO    pymc.sampling.forward: Sampling: [death_outcome]
20:13:34 INFO    pymc.sampling.forward: Sampling: [death_outcome]
20:13:34 INFO    pymc.sampling.forward: Sampling: [death_outcome]
20:13:34 INFO    pymc.sampling.forward: Sampling: [death_outcome]
20:13:34 INFO    pymc.sampling.forward: Sampling: [death_outcome]
20:13:34 INFO    pymc.sampling.forward: Sampling: [death_outcome]
20:13:35 INFO    pymc.sampling.forward: Sampling: [death_outcome]
20:13:35 INFO    pymc.sampling.forward: Sampling: [death_outcome]
20:13:35 INFO    pymc.sampling.forward: Sampling: [death_outcome]
20:13:35 INFO    pymc.sampling.forward: Sampling: [death_outcome]
20:13:35 INFO    pymc.sampling.forward: Sampling: [death_outcome]
20:13:35 INFO    pymc.sampling.forward: Sampling: [death_outcome]
20:13:35 INFO    pymc.sampling.forward: Sampling: [death_outcome]
20:13:35 INFO    pymc.sampling.forward: Sampling: [death_outcome]
20:13:36 INFO    pymc.sampling.forward: Sampling: [death_outcome]
20:13:36 INFO    pymc.sampling.forward: Sampling: [death_outcome]
20:13:36 INFO    pymc.sampling.forward: Sampling: [death_outcome]
20:13:36 INFO    pymc.sampling.forward: Sampling: [death_outcome]
20:13:36 INFO    pymc.sampling.forward: Sampling: [death_outcome]
20:13:36 INFO    pymc.sampling.forward: Sampling: [death_outcome]
20:13:36 INFO    pymc.sampling.forward: Sampling: [death_outcome]
20:13:37 INFO    pymc.sampling.forward: Sampling: [death_outcome]
20:13:37 INFO    pymc.sampling.forward: Sampling: [death_outcome]
20:13:37 INFO    pymc.sampling.forward: Sampling: [death_outcome]
20:13:37 INFO    pymc.sampling.forward: Sampling: [death_outcome]
20:13:37 INFO    pymc.sampling.forward: Sampling: [death_outcome]
20:13:37 INFO    pymc.sampling.forward: Sampling: [death_outcome]
20:13:37 INFO    pymc.sampling.forward: Sampling: [death_outcome]
20:13:37 INFO    pymc.sampling.forward: Sampling: [death_outcome]
20:13:38 INFO    pymc.sampling.forward: Sampling: [death_outcome]
20:13:38 INFO    pymc.sampling.forward: Sampling: [death_outcome]
20:13:38 INFO    pymc.sampling.forward: Sampling: [death_outcome]
20:13:38 INFO    pymc.sampling.forward: Sampling: [death_outcome]
20:13:38 INFO    pymc.sampling.forward: Sampling: [death_outcome]
20:13:38 INFO    pymc.sampling.forward: Sampling: [death_outcome]
20:13:38 INFO    pymc.sampling.forward: Sampling: [death_outcome]
20:13:39 INFO    pymc.sampling.forward: Sampling: [death_outcome]
20:13:39 INFO    pymc.sampling.forward: Sampling: [death_outcome]
20:13:39 INFO    pymc.sampling.forward: Sampling: [death_outcome]
20:13:39 INFO    pymc.sampling.forward: Sampling: [death_outcome]
20:13:39 INFO    pymc.sampling.forward: Sampling: [death_outcome]
20:13:39 INFO    pymc.sampling.forward: Sampling: [death_outcome]
20:13:39 INFO    pymc.sampling.forward: Sampling: [death_outcome]
20:13:39 INFO    pymc.sampling.forward: Sampling: [death_outcome]
20:13:40 INFO    pymc.sampling.forward: Sampling: [death_outcome]
20:13:40 INFO    pymc.sampling.forward: Sampling: [death_outcome]
20:13:40 INFO    pymc.sampling.forward: Sampling: [death_outcome]
20:13:40 INFO    pymc.sampling.forward: Sampling: [death_outcome]
20:13:40 INFO    pymc.sampling.forward: Sampling: [death_outcome]
20:13:40 INFO    pymc.sampling.forward: Sampling: [death_outcome]
20:13:40 INFO    pymc.sampling.forward: Sampling: [death_outcome]
20:13:40 INFO    pymc.sampling.forward: Sampling: [death_outcome]
20:13:41 INFO    pymc.sampling.forward: Sampling: [death_outcome]
20:13:41 INFO    pymc.sampling.forward: Sampling: [death_outcome]
20:13:41 INFO    pymc.sampling.forward: Sampling: [death_outcome]
20:13:41 INFO    pymc.sampling.forward: Sampling: [death_outcome]
20:13:41 INFO    pymc.sampling.forward: Sampling: [death_outcome]
20:13:41 INFO    pymc.sampling.forward: Sampling: [death_outcome]
20:13:41 INFO    pymc.sampling.forward: Sampling: [death_outcome]
20:13:42 INFO    pymc.sampling.forward: Sampling: [death_outcome]
20:13:42 INFO    pymc.sampling.forward: Sampling: [death_outcome]
20:13:42 INFO    pymc.sampling.forward: Sampling: [death_outcome]
20:13:42 INFO    pymc.sampling.forward: Sampling: [death_outcome]
20:13:42 INFO    pymc.sampling.forward: Sampling: [death_outcome]
20:13:42 INFO    pymc.sampling.forward: Sampling: [death_outcome]
20:13:42 INFO    pymc.sampling.forward: Sampling: [death_outcome]
20:13:43 INFO    pymc.sampling.forward: Sampling: [death_outcome]
20:13:43 INFO    pymc.sampling.forward: Sampling: [death_outcome]
20:13:43 INFO    pymc.sampling.forward: Sampling: [death_outcome]
20:13:43 INFO    pymc.sampling.forward: Sampling: [death_outcome]
20:13:43 INFO    pymc.sampling.forward: Sampling: [death_outcome]
20:13:43 INFO    pymc.sampling.forward: Sampling: [death_outcome]
20:13:43 INFO    pymc.sampling.forward: Sampling: [death_outcome]
20:13:44 INFO    pymc.sampling.forward: Sampling: [death_outcome]
20:13:44 INFO    pymc.sampling.forward: Sampling: [death_outcome]
20:13:44 INFO    pymc.sampling.forward: Sampling: [death_outcome]
20:13:44 INFO    pymc.sampling.forward: Sampling: [death_outcome]
20:13:44 INFO    pymc.sampling.forward: Sampling: [death_outcome]
20:13:44 INFO    pymc.sampling.forward: Sampling: [death_outcome]
20:13:44 INFO    pymc.sampling.forward: Sampling: [death_outcome]
20:13:45 INFO    pymc.sampling.forward: Sampling: [death_outcome]
20:13:45 INFO    pymc.sampling.forward: Sampling: [death_outcome]
20:13:45 INFO    pymc.sampling.forward: Sampling: [death_outcome]
20:13:45 INFO    pymc.sampling.forward: Sampling: [death_outcome]
20:13:45 INFO    pymc.sampling.forward: Sampling: [death_outcome]
20:13:45 INFO    pymc.sampling.forward: Sampling: [death_outcome]
20:13:45 INFO    pymc.sampling.forward: Sampling: [death_outcome]
20:13:46 INFO    pymc.sampling.forward: Sampling: [death_outcome]
20:13:46 INFO    pymc.sampling.forward: Sampling: [death_outcome]
20:13:46 INFO    pymc.sampling.forward: Sampling: [death_outcome]
20:13:46 INFO    pymc.sampling.forward: Sampling: [death_outcome]
20:13:46 INFO    pymc.sampling.forward: Sampling: [death_outcome]
20:13:46 INFO    pymc.sampling.forward: Sampling: [death_outcome]
20:13:46 INFO    pymc.sampling.forward: Sampling: [death_outcome]
20:13:47 INFO    pymc.sampling.forward: Sampling: [death_outcome]
20:13:47 INFO    pymc.sampling.forward: Sampling: [death_outcome]
20:13:47 INFO    pymc.sampling.forward: Sampling: [death_outcome]
20:13:47 INFO    pymc.sampling.forward: Sampling: [death_outcome]
20:13:47 INFO    pymc.sampling.forward: Sampling: [death_outcome]
20:13:47 INFO    pymc.sampling.forward: Sampling: [death_outcome]
20:13:47 INFO    pymc.sampling.forward: Sampling: [death_outcome]
20:13:48 INFO    pymc.sampling.forward: Sampling: [death_outcome]
20:13:48 INFO    pymc.sampling.forward: Sampling: [death_outcome]
20:13:48 INFO    pymc.sampling.forward: Sampling: [death_outcome]
20:13:48 INFO    pymc.sampling.forward: Sampling: [death_outcome]
20:13:48 INFO    pymc.sampling.forward: Sampling: [death_outcome]
20:13:50 INFO    pymc.sampling.forward: Sampling: [death_outcome]
20:13:51 INFO    pymc.sampling.forward: Sampling: [death_outcome]
20:13:51 INFO    pymc.sampling.forward: Sampling: [death_outcome]
20:13:51 INFO    pymc.sampling.forward: Sampling: [death_outcome]
20:13:51 INFO    pymc.sampling.forward: Sampling: [death_outcome]
20:13:51 INFO    pymc.sampling.forward: Sampling: [death_outcome]
20:13:51 INFO    pymc.sampling.forward: Sampling: [death_outcome]
20:13:51 INFO    pymc.sampling.forward: Sampling: [death_outcome]
20:13:52 INFO    pymc.sampling.forward: Sampling: [death_outcome]
20:13:52 INFO    pymc.sampling.forward: Sampling: [death_outcome]
20:13:52 INFO    pymc.sampling.forward: Sampling: [death_outcome]
20:13:52 INFO    pymc.sampling.forward: Sampling: [death_outcome]
20:13:52 INFO    pymc.sampling.forward: Sampling: [death_outcome]
20:13:52 INFO    pymc.sampling.forward: Sampling: [death_outcome]
20:13:52 INFO    pymc.sampling.forward: Sampling: [death_outcome]
20:13:53 INFO    pymc.sampling.forward: Sampling: [death_outcome]
20:13:53 INFO    pymc.sampling.forward: Sampling: [death_outcome]
20:13:53 INFO    pymc.sampling.forward: Sampling: [death_outcome]
20:13:53 INFO    pymc.sampling.forward: Sampling: [death_outcome]
20:13:53 INFO    pymc.sampling.forward: Sampling: [death_outcome]
20:13:53 INFO    pymc.sampling.forward: Sampling: [death_outcome]
20:13:53 INFO    pymc.sampling.forward: Sampling: [death_outcome]
20:13:54 INFO    pymc.sampling.forward: Sampling: [death_outcome]
20:13:54 INFO    pymc.sampling.forward: Sampling: [death_outcome]
20:13:54 INFO    pymc.sampling.forward: Sampling: [death_outcome]
20:13:54 INFO    pymc.sampling.forward: Sampling: [death_outcome]
20:13:54 INFO    pymc.sampling.forward: Sampling: [death_outcome]
20:13:54 INFO    pymc.sampling.forward: Sampling: [death_outcome]
20:13:55 INFO    pymc.sampling.forward: Sampling: [death_outcome]
20:13:55 INFO    pymc.sampling.forward: Sampling: [death_outcome]
20:13:55 INFO    pymc.sampling.forward: Sampling: [death_outcome]
20:13:55 INFO    pymc.sampling.forward: Sampling: [death_outcome]
20:13:55 INFO    pymc.sampling.forward: Sampling: [death_outcome]
20:13:55 INFO    pymc.sampling.forward: Sampling: [death_outcome]
20:13:55 INFO    pymc.sampling.forward: Sampling: [death_outcome]
20:13:56 INFO    pymc.sampling.forward: Sampling: [death_outcome]
20:13:56 INFO    pymc.sampling.forward: Sampling: [death_outcome]
20:13:56 INFO    pymc.sampling.forward: Sampling: [death_outcome]
20:13:56 INFO    pymc.sampling.forward: Sampling: [death_outcome]
20:13:56 INFO    pymc.sampling.forward: Sampling: [death_outcome]
20:13:56 INFO    pymc.sampling.forward: Sampling: [death_outcome]
20:13:56 INFO    pymc.sampling.forward: Sampling: [death_outcome]
20:13:57 INFO    pymc.sampling.forward: Sampling: [death_outcome]
20:13:57 INFO    pymc.sampling.forward: Sampling: [death_outcome]
20:13:57 INFO    pymc.sampling.forward: Sampling: [death_outcome]
20:13:57 INFO    pymc.sampling.forward: Sampling: [death_outcome]
20:13:57 INFO    pymc.sampling.forward: Sampling: [death_outcome]
20:13:57 INFO    pymc.sampling.forward: Sampling: [death_outcome]
20:13:57 INFO    pymc.sampling.forward: Sampling: [death_outcome]
20:13:58 INFO    pymc.sampling.forward: Sampling: [death_outcome]
20:13:58 INFO    pymc.sampling.forward: Sampling: [death_outcome]
20:13:58 INFO    pymc.sampling.forward: Sampling: [death_outcome]
20:13:58 INFO    pymc.sampling.forward: Sampling: [death_outcome]
20:13:58 INFO    pymc.sampling.forward: Sampling: [death_outcome]
20:13:58 INFO    pymc.sampling.forward: Sampling: [death_outcome]
20:13:58 INFO    pymc.sampling.forward: Sampling: [death_outcome]
20:13:59 INFO    pymc.sampling.forward: Sampling: [death_outcome]
20:13:59 INFO    pymc.sampling.forward: Sampling: [death_outcome]
20:13:59 INFO    pymc.sampling.forward: Sampling: [death_outcome]
20:13:59 INFO    pymc.sampling.forward: Sampling: [death_outcome]
20:13:59 INFO    pymc.sampling.forward: Sampling: [death_outcome]
20:13:59 INFO    pymc.sampling.forward: Sampling: [death_outcome]
20:13:59 INFO    pymc.sampling.forward: Sampling: [death_outcome]
20:13:59 INFO    pymc.sampling.forward: Sampling: [death_outcome]
20:13:59 INFO    pymc.sampling.forward: Sampling: [death_outcome]
20:13:59 INFO    pymc.sampling.forward: Sampling: [death_outcome]
20:13:59 INFO    pymc.sampling.forward: Sampling: [death_outcome]
20:13:59 INFO    pymc.sampling.forward: Sampling: [death_outcome]
20:13:59 INFO    pymc.sampling.forward: Sampling: [death_outcome]
20:13:59 INFO    pymc.sampling.forward: Sampling: [death_outcome]
20:13:59 INFO    pymc.sampling.forward: Sampling: [death_outcome]
20:13:59 INFO    pymc.sampling.forward: Sampling: [death_outcome]
20:13:59 INFO    pymc.sampling.forward: Sampling: [death_outcome]
20:13:59 INFO    pymc.sampling.forward: Sampling: [death_outcome]
20:13:59 INFO    pymc.sampling.forward: Sampling: [death_outcome]
20:13:59 INFO    pymc.sampling.forward: Sampling: [death_outcome]
20:13:59 INFO    pymc.sampling.forward: Sampling: [death_outcome]
20:13:59 INFO    pymc.sampling.forward: Sampling: [death_outcome]
20:13:59 INFO    pymc.sampling.forward: Sampling: [death_outcome]
20:13:59 INFO    pymc.sampling.forward: Sampling: [death_outcome]
20:13:59 INFO    pymc.sampling.forward: Sampling: [death_outcome]
20:13:59 INFO    pymc.sampling.forward: Sampling: [death_outcome]
20:14:00 INFO    pymc.sampling.forward: Sampling: [death_outcome]
20:14:00 INFO    pymc.sampling.forward: Sampling: [death_outcome]
20:14:00 INFO    pymc.sampling.forward: Sampling: [death_outcome]
20:14:00 INFO    pymc.sampling.forward: Sampling: [death_outcome]
20:14:00 INFO    pymc.sampling.forward: Sampling: [death_outcome]
20:14:00 INFO    pymc.sampling.forward: Sampling: [death_outcome]
20:14:00 INFO    pymc.sampling.forward: Sampling: [death_outcome]
20:14:00 INFO    pymc.sampling.forward: Sampling: [death_outcome]
20:14:00 INFO    pymc.sampling.forward: Sampling: [death_outcome]
20:14:00 INFO    pymc.sampling.forward: Sampling: [death_outcome]
20:14:00 INFO    pymc.sampling.forward: Sampling: [death_outcome]
20:14:00 INFO    pymc.sampling.forward: Sampling: [death_outcome]
20:14:00 INFO    pymc.sampling.forward: Sampling: [death_outcome]
20:14:00 INFO    pymc.sampling.forward: Sampling: [death_outcome]
20:14:00 INFO    pymc.sampling.forward: Sampling: [death_outcome]
20:14:00 INFO    pymc.sampling.forward: Sampling: [death_outcome]
20:14:00 INFO    pymc.sampling.forward: Sampling: [death_outcome]
20:14:00 INFO    pymc.sampling.forward: Sampling: [death_outcome]
20:14:01 INFO    pymc.sampling.forward: Sampling: [death_outcome]
20:14:01 INFO    pymc.sampling.forward: Sampling: [death_outcome]
20:14:01 INFO    pymc.sampling.forward: Sampling: [death_outcome]
20:14:01 INFO    pymc.sampling.forward: Sampling: [death_outcome]
20:14:01 INFO    pymc.sampling.forward: Sampling: [death_outcome]
20:14:01 INFO    pymc.sampling.forward: Sampling: [death_outcome]
20:14:01 INFO    pymc.sampling.forward: Sampling: [death_outcome]
20:14:01 INFO    pymc.sampling.forward: Sampling: [death_outcome]
20:14:01 INFO    pymc.sampling.forward: Sampling: [death_outcome]
20:14:01 INFO    pymc.sampling.forward: Sampling: [death_outcome]
20:14:01 INFO    pymc.sampling.forward: Sampling: [death_outcome]
20:14:01 INFO    pymc.sampling.forward: Sampling: [death_outcome]
20:14:01 INFO    pymc.sampling.forward: Sampling: [death_outcome]
20:14:01 INFO    pymc.sampling.forward: Sampling: [death_outcome]
20:14:01 INFO    pymc.sampling.forward: Sampling: [death_outcome]
20:14:01 INFO    pymc.sampling.forward: Sampling: [death_outcome]
20:14:01 INFO    pymc.sampling.forward: Sampling: [death_outcome]
20:14:01 INFO    pymc.sampling.forward: Sampling: [death_outcome]
20:14:01 INFO    pymc.sampling.forward: Sampling: [death_outcome]
20:14:01 INFO    pymc.sampling.forward: Sampling: [death_outcome]
20:14:01 INFO    pymc.sampling.forward: Sampling: [death_outcome]
20:14:01 INFO    pymc.sampling.forward: Sampling: [death_outcome]
20:14:01 INFO    pymc.sampling.forward: Sampling: [death_outcome]
20:14:01 INFO    pymc.sampling.forward: Sampling: [death_outcome]
20:14:01 INFO    pymc.sampling.forward: Sampling: [death_outcome]
20:14:01 INFO    pymc.sampling.forward: Sampling: [death_outcome]
20:14:01 INFO    pymc.sampling.forward: Sampling: [death_outcome]
20:14:01 INFO    pymc.sampling.forward: Sampling: [death_outcome]
20:14:01 INFO    pymc.sampling.forward: Sampling: [death_outcome]
20:14:01 INFO    pymc.sampling.forward: Sampling: [death_outcome]
20:14:01 INFO    pymc.sampling.forward: Sampling: [death_outcome]
20:14:01 INFO    pymc.sampling.forward: Sampling: [death_outcome]
20:14:01 INFO    pymc.sampling.forward: Sampling: [death_outcome]
20:14:02 INFO    pymc.sampling.forward: Sampling: [death_outcome]
20:14:02 INFO    pymc.sampling.forward: Sampling: [death_outcome]
20:14:02 INFO    pymc.sampling.forward: Sampling: [death_outcome]
20:14:02 INFO    pymc.sampling.forward: Sampling: [death_outcome]
20:14:02 INFO    pymc.sampling.forward: Sampling: [death_outcome]
20:14:02 INFO    pymc.sampling.forward: Sampling: [death_outcome]
20:14:02 INFO    pymc.sampling.forward: Sampling: [death_outcome]
20:14:02 INFO    pymc.sampling.forward: Sampling: [death_outcome]
20:14:02 INFO    pymc.sampling.forward: Sampling: [death_outcome]
20:14:02 INFO    pymc.sampling.forward: Sampling: [death_outcome]
20:14:02 INFO    pymc.sampling.forward: Sampling: [death_outcome]
20:14:02 INFO    pymc.sampling.forward: Sampling: [death_outcome]
20:14:02 INFO    pymc.sampling.forward: Sampling: [death_outcome]
20:14:02 INFO    pymc.sampling.forward: Sampling: [death_outcome]
20:14:02 INFO    pymc.sampling.forward: Sampling: [death_outcome]
20:14:02 INFO    pymc.sampling.forward: Sampling: [death_outcome]
20:14:02 INFO    pymc.sampling.forward: Sampling: [death_outcome]
20:14:02 INFO    pymc.sampling.forward: Sampling: [death_outcome]
20:14:02 INFO    pymc.sampling.forward: Sampling: [death_outcome]
20:14:02 INFO    pymc.sampling.forward: Sampling: [death_outcome]
20:14:02 INFO    pymc.sampling.forward: Sampling: [death_outcome]
20:14:02 INFO    pymc.sampling.forward: Sampling: [death_outcome]
20:14:02 INFO    pymc.sampling.forward: Sampling: [death_outcome]
20:14:02 INFO    pymc.sampling.forward: Sampling: [death_outcome]
20:14:02 INFO    pymc.sampling.forward: Sampling: [death_outcome]
20:14:03 INFO    pymc.sampling.forward: Sampling: [alpha, beta, gamma, responses]
20:14:03 INFO    pymc.sampling.forward: Sampling: [alpha, beta, gamma, responses]
20:14:03 INFO    pymc.sampling.forward: Sampling: [alpha, beta, gamma, responses]
20:14:03 INFO    pymc.sampling.forward: Sampling: [alpha, beta, gamma, responses]
20:14:03 INFO    pymc.sampling.forward: Sampling: [death_outcome]
20:14:03 INFO    pymc.sampling.forward: Sampling: [death_outcome]
20:14:03 INFO    pymc.sampling.forward: Sampling: [death_outcome]
20:14:03 INFO    pymc.sampling.forward: Sampling: [death_outcome]
20:14:03 INFO    pymc.sampling.forward: Sampling: [death_outcome]
20:14:04 INFO    pymc.sampling.forward: Sampling: [death_outcome]
20:14:04 INFO    pymc.sampling.forward: Sampling: [death_outcome]
20:14:04 INFO    pymc.sampling.forward: Sampling: [death_outcome]
20:14:04 INFO    pymc.sampling.forward: Sampling: [death_outcome]
20:14:04 INFO    pymc.sampling.forward: Sampling: [death_outcome]
20:14:04 INFO    pymc.sampling.forward: Sampling: [death_outcome]
20:14:04 INFO    pymc.sampling.forward: Sampling: [death_outcome]
20:14:05 INFO    pymc.sampling.forward: Sampling: [death_outcome]
20:14:05 INFO    pymc.sampling.forward: Sampling: [death_outcome]
20:14:05 INFO    pymc.sampling.forward: Sampling: [death_outcome]
20:14:05 INFO    pymc.sampling.forward: Sampling: [death_outcome]
20:14:05 INFO    pymc.sampling.forward: Sampling: [death_outcome]
20:14:05 INFO    pymc.sampling.forward: Sampling: [death_outcome]
20:14:05 INFO    pymc.sampling.forward: Sampling: [death_outcome]
20:14:06 INFO    pymc.sampling.forward: Sampling: [death_outcome]
20:14:06 INFO    pymc.sampling.forward: Sampling: [death_outcome]
20:14:06 INFO    pymc.sampling.forward: Sampling: [death_outcome]
20:14:06 INFO    pymc.sampling.forward: Sampling: [death_outcome]
20:14:06 INFO    pymc.sampling.forward: Sampling: [death_outcome]
20:14:06 INFO    pymc.sampling.forward: Sampling: [death_outcome]
20:14:06 INFO    pymc.sampling.forward: Sampling: [death_outcome]
20:14:07 INFO    pymc.sampling.forward: Sampling: [death_outcome]
20:14:07 INFO    pymc.sampling.forward: Sampling: [death_outcome]
20:14:07 INFO    pymc.sampling.forward: Sampling: [death_outcome]
20:14:07 INFO    pymc.sampling.forward: Sampling: [death_outcome]
20:14:07 INFO    pymc.sampling.forward: Sampling: [death_outcome]
20:14:07 INFO    pymc.sampling.forward: Sampling: [death_outcome]
20:14:07 INFO    pymc.sampling.forward: Sampling: [death_outcome]
20:14:08 INFO    pymc.sampling.forward: Sampling: [death_outcome]
20:14:08 INFO    pymc.sampling.forward: Sampling: [death_outcome]
20:14:08 INFO    pymc.sampling.forward: Sampling: [death_outcome]
20:14:08 INFO    pymc.sampling.forward: Sampling: [death_outcome]
20:14:08 INFO    pymc.sampling.forward: Sampling: [death_outcome]
20:14:08 INFO    pymc.sampling.forward: Sampling: [death_outcome]
20:14:08 INFO    pymc.sampling.forward: Sampling: [death_outcome]
20:14:09 INFO    pymc.sampling.forward: Sampling: [death_outcome]
20:14:09 INFO    pymc.sampling.forward: Sampling: [death_outcome]
20:14:09 INFO    pymc.sampling.forward: Sampling: [death_outcome]
20:14:09 INFO    pymc.sampling.forward: Sampling: [death_outcome]
20:14:09 INFO    pymc.sampling.forward: Sampling: [death_outcome]
20:14:09 INFO    pymc.sampling.forward: Sampling: [death_outcome]
20:14:09 INFO    pymc.sampling.forward: Sampling: [death_outcome]
20:14:10 INFO    pymc.sampling.forward: Sampling: [death_outcome]
20:14:10 INFO    pymc.sampling.forward: Sampling: [death_outcome]
20:14:10 INFO    pymc.sampling.forward: Sampling: [death_outcome]
20:14:10 INFO    pymc.sampling.forward: Sampling: [death_outcome]
20:14:10 INFO    pymc.sampling.forward: Sampling: [death_outcome]
20:14:10 INFO    pymc.sampling.forward: Sampling: [death_outcome]
20:14:10 INFO    pymc.sampling.forward: Sampling: [death_outcome]
20:14:11 INFO    pymc.sampling.forward: Sampling: [death_outcome]
20:14:11 INFO    pymc.sampling.forward: Sampling: [death_outcome]
20:14:13 INFO    pymc.sampling.forward: Sampling: [death_outcome]
20:14:13 INFO    pymc.sampling.forward: Sampling: [death_outcome]
20:14:13 INFO    pymc.sampling.forward: Sampling: [death_outcome]
20:14:14 INFO    pymc.sampling.forward: Sampling: [death_outcome]
20:14:14 INFO    pymc.sampling.forward: Sampling: [death_outcome]
20:14:14 INFO    pymc.sampling.forward: Sampling: [death_outcome]
20:14:14 INFO    pymc.sampling.forward: Sampling: [death_outcome]
20:14:14 INFO    pymc.sampling.forward: Sampling: [death_outcome]
20:14:14 INFO    pymc.sampling.forward: Sampling: [death_outcome]
20:14:15 INFO    pymc.sampling.forward: Sampling: [death_outcome]
20:14:15 INFO    pymc.sampling.forward: Sampling: [death_outcome]
20:14:15 INFO    pymc.sampling.forward: Sampling: [death_outcome]
20:14:15 INFO    pymc.sampling.forward: Sampling: [death_outcome]
20:14:15 INFO    pymc.sampling.forward: Sampling: [death_outcome]
20:14:15 INFO    pymc.sampling.forward: Sampling: [death_outcome]
20:14:15 INFO    pymc.sampling.forward: Sampling: [death_outcome]
20:14:16 INFO    pymc.sampling.forward: Sampling: [death_outcome]
20:14:16 INFO    pymc.sampling.forward: Sampling: [death_outcome]
20:14:16 INFO    pymc.sampling.forward: Sampling: [death_outcome]
20:14:16 INFO    pymc.sampling.forward: Sampling: [death_outcome]
20:14:16 INFO    pymc.sampling.forward: Sampling: [death_outcome]
20:14:16 INFO    pymc.sampling.forward: Sampling: [death_outcome]
20:14:16 INFO    pymc.sampling.forward: Sampling: [death_outcome]
20:14:17 INFO    pymc.sampling.forward: Sampling: [death_outcome]
20:14:17 INFO    pymc.sampling.forward: Sampling: [death_outcome]
20:14:17 INFO    pymc.sampling.forward: Sampling: [death_outcome]
20:14:17 INFO    pymc.sampling.forward: Sampling: [death_outcome]
20:14:17 INFO    pymc.sampling.forward: Sampling: [death_outcome]
20:14:17 INFO    pymc.sampling.forward: Sampling: [death_outcome]
20:14:17 INFO    pymc.sampling.forward: Sampling: [death_outcome]
20:14:18 INFO    pymc.sampling.forward: Sampling: [death_outcome]
20:14:18 INFO    pymc.sampling.forward: Sampling: [death_outcome]
20:14:18 INFO    pymc.sampling.forward: Sampling: [death_outcome]
20:14:18 INFO    pymc.sampling.forward: Sampling: [death_outcome]
20:14:18 INFO    pymc.sampling.forward: Sampling: [death_outcome]
20:14:18 INFO    pymc.sampling.forward: Sampling: [death_outcome]
20:14:19 INFO    pymc.sampling.forward: Sampling: [death_outcome]
20:14:19 INFO    pymc.sampling.forward: Sampling: [death_outcome]
20:14:19 INFO    pymc.sampling.forward: Sampling: [death_outcome]
20:14:19 INFO    pymc.sampling.forward: Sampling: [death_outcome]
20:14:19 INFO    pymc.sampling.forward: Sampling: [death_outcome]
20:14:19 INFO    pymc.sampling.forward: Sampling: [death_outcome]
20:14:19 INFO    pymc.sampling.forward: Sampling: [death_outcome]
20:14:19 INFO    pymc.sampling.forward: Sampling: [death_outcome]
20:14:20 INFO    pymc.sampling.forward: Sampling: [death_outcome]
20:14:20 INFO    pymc.sampling.forward: Sampling: [death_outcome]
20:14:20 INFO    pymc.sampling.forward: Sampling: [death_outcome]
20:14:20 INFO    pymc.sampling.forward: Sampling: [death_outcome]
20:14:20 INFO    pymc.sampling.forward: Sampling: [death_outcome]
20:14:20 INFO    pymc.sampling.forward: Sampling: [death_outcome]
20:14:20 INFO    pymc.sampling.forward: Sampling: [death_outcome]
20:14:20 INFO    pymc.sampling.forward: Sampling: [death_outcome]
20:14:20 INFO    pymc.sampling.forward: Sampling: [death_outcome]
20:14:20 INFO    pymc.sampling.forward: Sampling: [death_outcome]
20:14:20 INFO    pymc.sampling.forward: Sampling: [death_outcome]
20:14:20 INFO    pymc.sampling.forward: Sampling: [death_outcome]
20:14:21 INFO    pymc.sampling.forward: Sampling: [death_outcome]
20:14:21 INFO    pymc.sampling.forward: Sampling: [death_outcome]
20:14:21 INFO    pymc.sampling.forward: Sampling: [death_outcome]
20:14:21 INFO    pymc.sampling.forward: Sampling: [death_outcome]
20:14:21 INFO    pymc.sampling.forward: Sampling: [death_outcome]
20:14:21 INFO    pymc.sampling.forward: Sampling: [death_outcome]
20:14:21 INFO    pymc.sampling.forward: Sampling: [death_outcome]
20:14:21 INFO    pymc.sampling.forward: Sampling: [death_outcome]
20:14:21 INFO    pymc.sampling.forward: Sampling: [death_outcome]
20:14:21 INFO    pymc.sampling.forward: Sampling: [death_outcome]
20:14:21 INFO    pymc.sampling.forward: Sampling: [death_outcome]
20:14:21 INFO    pymc.sampling.forward: Sampling: [death_outcome]
20:14:21 INFO    pymc.sampling.forward: Sampling: [death_outcome]
20:14:21 INFO    pymc.sampling.forward: Sampling: [death_outcome]
20:14:21 INFO    pymc.sampling.forward: Sampling: [death_outcome]
20:14:22 INFO    pymc.sampling.forward: Sampling: [death_outcome]
20:14:22 INFO    pymc.sampling.forward: Sampling: [death_outcome]
20:14:22 INFO    pymc.sampling.forward: Sampling: [death_outcome]
20:14:22 INFO    pymc.sampling.forward: Sampling: [death_outcome]
20:14:22 INFO    pymc.sampling.forward: Sampling: [death_outcome]
20:14:22 INFO    pymc.sampling.forward: Sampling: [death_outcome]
20:14:22 INFO    pymc.sampling.forward: Sampling: [death_outcome]
20:14:22 INFO    pymc.sampling.forward: Sampling: [death_outcome]
20:14:22 INFO    pymc.sampling.forward: Sampling: [death_outcome]
20:14:22 INFO    pymc.sampling.forward: Sampling: [death_outcome]
20:14:22 INFO    pymc.sampling.forward: Sampling: [death_outcome]
20:14:23 INFO    pymc.sampling.forward: Sampling: [death_outcome]
20:14:23 INFO    pymc.sampling.forward: Sampling: [death_outcome]
20:14:23 INFO    pymc.sampling.forward: Sampling: [death_outcome]
20:14:23 INFO    pymc.sampling.forward: Sampling: [death_outcome]
20:14:23 INFO    pymc.sampling.forward: Sampling: [death_outcome]
20:14:23 INFO    pymc.sampling.forward: Sampling: [death_outcome]
20:14:23 INFO    pymc.sampling.forward: Sampling: [death_outcome]
20:14:23 INFO    pymc.sampling.forward: Sampling: [death_outcome]
20:14:23 INFO    pymc.sampling.forward: Sampling: [death_outcome]
20:14:23 INFO    pymc.sampling.forward: Sampling: [death_outcome]
20:14:23 INFO    pymc.sampling.forward: Sampling: [death_outcome]
20:14:23 INFO    pymc.sampling.forward: Sampling: [death_outcome]
20:14:23 INFO    pymc.sampling.forward: Sampling: [death_outcome]
20:14:23 INFO    pymc.sampling.forward: Sampling: [death_outcome]
20:14:24 INFO    pymc.sampling.forward: Sampling: [death_outcome]
20:14:24 INFO    pymc.sampling.forward: Sampling: [death_outcome]
20:14:24 INFO    pymc.sampling.forward: Sampling: [death_outcome]
20:14:24 INFO    pymc.sampling.forward: Sampling: [death_outcome]
20:14:24 INFO    pymc.sampling.forward: Sampling: [death_outcome]
20:14:24 INFO    pymc.sampling.forward: Sampling: [death_outcome]
20:14:24 INFO    pymc.sampling.forward: Sampling: [death_outcome]
20:14:24 INFO    pymc.sampling.forward: Sampling: [death_outcome]
20:14:24 INFO    pymc.sampling.forward: Sampling: [death_outcome]
20:14:24 INFO    pymc.sampling.forward: Sampling: [death_outcome]
20:14:24 INFO    pymc.sampling.forward: Sampling: [death_outcome]
20:14:24 INFO    pymc.sampling.forward: Sampling: [death_outcome]
20:14:24 INFO    pymc.sampling.forward: Sampling: [death_outcome]
20:14:25 INFO    pymc.sampling.forward: Sampling: [death_outcome]
20:14:25 INFO    pymc.sampling.forward: Sampling: [death_outcome]
20:14:25 INFO    pymc.sampling.forward: Sampling: [death_outcome]
20:14:25 INFO    pymc.sampling.forward: Sampling: [death_outcome]
20:14:25 INFO    pymc.sampling.forward: Sampling: [death_outcome]
20:14:25 INFO    pymc.sampling.forward: Sampling: [death_outcome]
20:14:25 INFO    pymc.sampling.forward: Sampling: [death_outcome]
20:14:25 INFO    pymc.sampling.forward: Sampling: [death_outcome]
20:14:25 INFO    pymc.sampling.forward: Sampling: [death_outcome]
20:14:25 INFO    pymc.sampling.forward: Sampling: [death_outcome]
20:14:25 INFO    pymc.sampling.forward: Sampling: [death_outcome]
20:14:25 INFO    pymc.sampling.forward: Sampling: [death_outcome]
20:14:25 INFO    pymc.sampling.forward: Sampling: [death_outcome]
20:14:25 INFO    pymc.sampling.forward: Sampling: [death_outcome]
20:14:25 INFO    pymc.sampling.forward: Sampling: [death_outcome]
20:14:25 INFO    pymc.sampling.forward: Sampling: [death_outcome]
20:14:25 INFO    pymc.sampling.forward: Sampling: [death_outcome]
20:14:25 INFO    pymc.sampling.forward: Sampling: [death_outcome]
20:14:25 INFO    pymc.sampling.forward: Sampling: [death_outcome]
20:14:26 INFO    pymc.sampling.forward: Sampling: [death_outcome]
20:14:26 INFO    pymc.sampling.forward: Sampling: [death_outcome]
20:14:26 INFO    pymc.sampling.forward: Sampling: [death_outcome]
20:14:26 INFO    pymc.sampling.forward: Sampling: [death_outcome]
20:14:26 INFO    pymc.sampling.forward: Sampling: [death_outcome]
20:14:26 INFO    pymc.sampling.forward: Sampling: [death_outcome]
20:14:26 INFO    pymc.sampling.forward: Sampling: [death_outcome]
20:14:26 INFO    pymc.sampling.forward: Sampling: [death_outcome]
20:14:26 INFO    pymc.sampling.forward: Sampling: [death_outcome]
20:14:26 INFO    pymc.sampling.forward: Sampling: [death_outcome]
20:14:26 INFO    pymc.sampling.forward: Sampling: [death_outcome]
20:14:26 INFO    pymc.sampling.forward: Sampling: [death_outcome]
20:14:26 INFO    pymc.sampling.forward: Sampling: [death_outcome]
20:14:27 INFO    pymc.sampling.forward: Sampling: [death_outcome]
20:14:27 INFO    pymc.sampling.forward: Sampling: [death_outcome]
20:14:27 INFO    pymc.sampling.forward: Sampling: [death_outcome]
20:14:27 INFO    pymc.sampling.forward: Sampling: [alpha, beta, gamma, responses]
20:14:27 INFO    pymc.sampling.forward: Sampling: [alpha, beta, gamma, responses]
20:14:27 INFO    pymc.sampling.forward: Sampling: [alpha, beta, gamma, responses]
20:14:27 INFO    pymc.sampling.forward: Sampling: [alpha, beta, gamma, responses]
20:14:27 INFO    pymc.sampling.forward: Sampling: [death_outcome]
20:14:28 INFO    pymc.sampling.forward: Sampling: [death_outcome]
20:14:28 INFO    pymc.sampling.forward: Sampling: [death_outcome]
20:14:28 INFO    pymc.sampling.forward: Sampling: [death_outcome]
20:14:28 INFO    pymc.sampling.forward: Sampling: [death_outcome]
20:14:28 INFO    pymc.sampling.forward: Sampling: [death_outcome]
20:14:28 INFO    pymc.sampling.forward: Sampling: [death_outcome]
20:14:28 INFO    pymc.sampling.forward: Sampling: [death_outcome]
20:14:29 INFO    pymc.sampling.forward: Sampling: [death_outcome]
20:14:29 INFO    pymc.sampling.forward: Sampling: [death_outcome]
20:14:29 INFO    pymc.sampling.forward: Sampling: [death_outcome]
20:14:29 INFO    pymc.sampling.forward: Sampling: [death_outcome]
20:14:29 INFO    pymc.sampling.forward: Sampling: [death_outcome]
20:14:29 INFO    pymc.sampling.forward: Sampling: [death_outcome]
20:14:29 INFO    pymc.sampling.forward: Sampling: [death_outcome]
20:14:30 INFO    pymc.sampling.forward: Sampling: [death_outcome]
20:14:30 INFO    pymc.sampling.forward: Sampling: [death_outcome]
20:14:30 INFO    pymc.sampling.forward: Sampling: [death_outcome]
20:14:30 INFO    pymc.sampling.forward: Sampling: [death_outcome]
20:14:30 INFO    pymc.sampling.forward: Sampling: [death_outcome]
20:14:30 INFO    pymc.sampling.forward: Sampling: [death_outcome]
20:14:30 INFO    pymc.sampling.forward: Sampling: [death_outcome]
20:14:31 INFO    pymc.sampling.forward: Sampling: [death_outcome]
20:14:31 INFO    pymc.sampling.forward: Sampling: [death_outcome]
20:14:31 INFO    pymc.sampling.forward: Sampling: [death_outcome]
20:14:31 INFO    pymc.sampling.forward: Sampling: [death_outcome]
20:14:31 INFO    pymc.sampling.forward: Sampling: [death_outcome]
20:14:31 INFO    pymc.sampling.forward: Sampling: [death_outcome]
20:14:31 INFO    pymc.sampling.forward: Sampling: [death_outcome]
20:14:32 INFO    pymc.sampling.forward: Sampling: [death_outcome]
20:14:32 INFO    pymc.sampling.forward: Sampling: [death_outcome]
20:14:32 INFO    pymc.sampling.forward: Sampling: [death_outcome]
20:14:32 INFO    pymc.sampling.forward: Sampling: [death_outcome]
20:14:32 INFO    pymc.sampling.forward: Sampling: [death_outcome]
20:14:32 INFO    pymc.sampling.forward: Sampling: [death_outcome]
20:14:32 INFO    pymc.sampling.forward: Sampling: [death_outcome]
20:14:33 INFO    pymc.sampling.forward: Sampling: [death_outcome]
20:14:33 INFO    pymc.sampling.forward: Sampling: [death_outcome]
20:14:33 INFO    pymc.sampling.forward: Sampling: [death_outcome]
20:14:33 INFO    pymc.sampling.forward: Sampling: [death_outcome]
20:14:33 INFO    pymc.sampling.forward: Sampling: [death_outcome]
20:14:33 INFO    pymc.sampling.forward: Sampling: [death_outcome]
20:14:33 INFO    pymc.sampling.forward: Sampling: [death_outcome]
20:14:34 INFO    pymc.sampling.forward: Sampling: [death_outcome]
20:14:36 INFO    pymc.sampling.forward: Sampling: [death_outcome]
20:14:36 INFO    pymc.sampling.forward: Sampling: [death_outcome]
20:14:36 INFO    pymc.sampling.forward: Sampling: [death_outcome]
20:14:37 INFO    pymc.sampling.forward: Sampling: [death_outcome]
20:14:37 INFO    pymc.sampling.forward: Sampling: [death_outcome]
20:14:37 INFO    pymc.sampling.forward: Sampling: [death_outcome]
20:14:37 INFO    pymc.sampling.forward: Sampling: [death_outcome]
20:14:37 INFO    pymc.sampling.forward: Sampling: [death_outcome]
20:14:37 INFO    pymc.sampling.forward: Sampling: [death_outcome]
20:14:37 INFO    pymc.sampling.forward: Sampling: [death_outcome]
20:14:38 INFO    pymc.sampling.forward: Sampling: [death_outcome]
20:14:38 INFO    pymc.sampling.forward: Sampling: [death_outcome]
20:14:38 INFO    pymc.sampling.forward: Sampling: [death_outcome]
20:14:38 INFO    pymc.sampling.forward: Sampling: [death_outcome]
20:14:38 INFO    pymc.sampling.forward: Sampling: [death_outcome]
20:14:38 INFO    pymc.sampling.forward: Sampling: [death_outcome]
20:14:38 INFO    pymc.sampling.forward: Sampling: [death_outcome]
20:14:39 INFO    pymc.sampling.forward: Sampling: [death_outcome]
20:14:39 INFO    pymc.sampling.forward: Sampling: [death_outcome]
20:14:39 INFO    pymc.sampling.forward: Sampling: [death_outcome]
20:14:39 INFO    pymc.sampling.forward: Sampling: [death_outcome]
20:14:39 INFO    pymc.sampling.forward: Sampling: [death_outcome]
20:14:39 INFO    pymc.sampling.forward: Sampling: [death_outcome]
20:14:39 INFO    pymc.sampling.forward: Sampling: [death_outcome]
20:14:40 INFO    pymc.sampling.forward: Sampling: [death_outcome]
20:14:40 INFO    pymc.sampling.forward: Sampling: [death_outcome]
20:14:40 INFO    pymc.sampling.forward: Sampling: [death_outcome]
20:14:40 INFO    pymc.sampling.forward: Sampling: [death_outcome]
20:14:40 INFO    pymc.sampling.forward: Sampling: [death_outcome]
20:14:40 INFO    pymc.sampling.forward: Sampling: [death_outcome]
20:14:41 INFO    pymc.sampling.forward: Sampling: [death_outcome]
20:14:41 INFO    pymc.sampling.forward: Sampling: [death_outcome]
20:14:41 INFO    pymc.sampling.forward: Sampling: [death_outcome]
20:14:41 INFO    pymc.sampling.forward: Sampling: [death_outcome]
20:14:41 INFO    pymc.sampling.forward: Sampling: [death_outcome]
20:14:41 INFO    pymc.sampling.forward: Sampling: [death_outcome]
20:14:41 INFO    pymc.sampling.forward: Sampling: [death_outcome]
20:14:42 INFO    pymc.sampling.forward: Sampling: [death_outcome]
20:14:42 INFO    pymc.sampling.forward: Sampling: [death_outcome]
20:14:42 INFO    pymc.sampling.forward: Sampling: [death_outcome]
20:14:42 INFO    pymc.sampling.forward: Sampling: [death_outcome]
20:14:42 INFO    pymc.sampling.forward: Sampling: [death_outcome]
20:14:42 INFO    pymc.sampling.forward: Sampling: [death_outcome]
20:14:42 INFO    pymc.sampling.forward: Sampling: [death_outcome]
20:14:43 INFO    pymc.sampling.forward: Sampling: [death_outcome]
20:14:43 INFO    pymc.sampling.forward: Sampling: [death_outcome]
20:14:43 INFO    pymc.sampling.forward: Sampling: [death_outcome]
20:14:43 INFO    pymc.sampling.forward: Sampling: [death_outcome]
20:14:43 INFO    pymc.sampling.forward: Sampling: [death_outcome]
20:14:43 INFO    pymc.sampling.forward: Sampling: [death_outcome]
20:14:43 INFO    pymc.sampling.forward: Sampling: [death_outcome]
20:14:44 INFO    pymc.sampling.forward: Sampling: [death_outcome]
20:14:44 INFO    pymc.sampling.forward: Sampling: [death_outcome]
20:14:44 INFO    pymc.sampling.forward: Sampling: [death_outcome]
20:14:44 INFO    pymc.sampling.forward: Sampling: [death_outcome]
20:14:44 INFO    pymc.sampling.forward: Sampling: [death_outcome]
20:14:44 INFO    pymc.sampling.forward: Sampling: [death_outcome]
20:14:44 INFO    pymc.sampling.forward: Sampling: [death_outcome]
20:14:45 INFO    pymc.sampling.forward: Sampling: [death_outcome]
20:14:45 INFO    pymc.sampling.forward: Sampling: [death_outcome]
20:14:45 INFO    pymc.sampling.forward: Sampling: [death_outcome]
20:14:45 INFO    pymc.sampling.forward: Sampling: [death_outcome]
20:14:45 INFO    pymc.sampling.forward: Sampling: [death_outcome]
20:14:45 INFO    pymc.sampling.forward: Sampling: [death_outcome]
20:14:45 INFO    pymc.sampling.forward: Sampling: [death_outcome]
20:14:46 INFO    pymc.sampling.forward: Sampling: [death_outcome]
20:14:46 INFO    pymc.sampling.forward: Sampling: [death_outcome]
20:14:46 INFO    pymc.sampling.forward: Sampling: [death_outcome]
20:14:46 INFO    pymc.sampling.forward: Sampling: [death_outcome]
20:14:46 INFO    pymc.sampling.forward: Sampling: [death_outcome]
20:14:46 INFO    pymc.sampling.forward: Sampling: [death_outcome]
20:14:46 INFO    pymc.sampling.forward: Sampling: [death_outcome]
20:14:47 INFO    pymc.sampling.forward: Sampling: [death_outcome]
20:14:47 INFO    pymc.sampling.forward: Sampling: [death_outcome]
20:14:47 INFO    pymc.sampling.forward: Sampling: [death_outcome]
20:14:47 INFO    pymc.sampling.forward: Sampling: [death_outcome]
20:14:47 INFO    pymc.sampling.forward: Sampling: [death_outcome]
20:14:47 INFO    pymc.sampling.forward: Sampling: [death_outcome]
20:14:47 INFO    pymc.sampling.forward: Sampling: [death_outcome]
20:14:47 INFO    pymc.sampling.forward: Sampling: [death_outcome]
20:14:48 INFO    pymc.sampling.forward: Sampling: [death_outcome]
20:14:48 INFO    pymc.sampling.forward: Sampling: [death_outcome]
20:14:48 INFO    pymc.sampling.forward: Sampling: [death_outcome]
20:14:48 INFO    pymc.sampling.forward: Sampling: [death_outcome]
20:14:48 INFO    pymc.sampling.forward: Sampling: [death_outcome]
20:14:48 INFO    pymc.sampling.forward: Sampling: [death_outcome]
20:14:48 INFO    pymc.sampling.forward: Sampling: [death_outcome]
20:14:49 INFO    pymc.sampling.forward: Sampling: [death_outcome]
20:14:49 INFO    pymc.sampling.forward: Sampling: [death_outcome]
20:14:49 INFO    pymc.sampling.forward: Sampling: [death_outcome]
20:14:49 INFO    pymc.sampling.forward: Sampling: [death_outcome]
20:14:49 INFO    pymc.sampling.forward: Sampling: [death_outcome]
20:14:49 INFO    pymc.sampling.forward: Sampling: [death_outcome]
20:14:49 INFO    pymc.sampling.forward: Sampling: [death_outcome]
20:14:49 INFO    pymc.sampling.forward: Sampling: [death_outcome]
20:14:50 INFO    pymc.sampling.forward: Sampling: [death_outcome]
20:14:50 INFO    pymc.sampling.forward: Sampling: [death_outcome]
20:14:50 INFO    pymc.sampling.forward: Sampling: [death_outcome]
20:14:50 INFO    pymc.sampling.forward: Sampling: [death_outcome]
20:14:50 INFO    pymc.sampling.forward: Sampling: [death_outcome]
20:14:50 INFO    pymc.sampling.forward: Sampling: [death_outcome]
20:14:50 INFO    pymc.sampling.forward: Sampling: [death_outcome]
20:14:51 INFO    pymc.sampling.forward: Sampling: [death_outcome]
20:14:51 INFO    pymc.sampling.forward: Sampling: [death_outcome]
20:14:51 INFO    pymc.sampling.forward: Sampling: [death_outcome]
20:14:51 INFO    pymc.sampling.forward: Sampling: [death_outcome]
20:14:51 INFO    pymc.sampling.forward: Sampling: [death_outcome]
20:14:51 INFO    pymc.sampling.forward: Sampling: [death_outcome]
20:14:51 INFO    pymc.sampling.forward: Sampling: [death_outcome]
20:14:52 INFO    pymc.sampling.forward: Sampling: [death_outcome]
20:14:52 INFO    pymc.sampling.forward: Sampling: [death_outcome]
20:14:52 INFO    pymc.sampling.forward: Sampling: [death_outcome]
20:14:52 INFO    pymc.sampling.forward: Sampling: [death_outcome]
20:14:52 INFO    pymc.sampling.forward: Sampling: [death_outcome]
20:14:52 INFO    pymc.sampling.forward: Sampling: [death_outcome]
20:14:52 INFO    pymc.sampling.forward: Sampling: [death_outcome]
20:14:52 INFO    pymc.sampling.forward: Sampling: [death_outcome]
20:14:53 INFO    pymc.sampling.forward: Sampling: [death_outcome]
20:14:53 INFO    pymc.sampling.forward: Sampling: [death_outcome]
20:14:53 INFO    pymc.sampling.forward: Sampling: [death_outcome]
20:14:53 INFO    pymc.sampling.forward: Sampling: [death_outcome]
20:14:53 INFO    pymc.sampling.forward: Sampling: [death_outcome]
20:14:53 INFO    pymc.sampling.forward: Sampling: [death_outcome]
20:14:53 INFO    pymc.sampling.forward: Sampling: [death_outcome]
20:14:54 INFO    pymc.sampling.forward: Sampling: [death_outcome]
20:14:54 INFO    pymc.sampling.forward: Sampling: [death_outcome]
20:14:54 INFO    pymc.sampling.forward: Sampling: [death_outcome]
20:14:54 INFO    pymc.sampling.forward: Sampling: [death_outcome]
20:14:54 INFO    pymc.sampling.forward: Sampling: [death_outcome]
20:14:54 INFO    pymc.sampling.forward: Sampling: [death_outcome]
20:14:54 INFO    pymc.sampling.forward: Sampling: [death_outcome]
20:14:54 INFO    pymc.sampling.forward: Sampling: [death_outcome]
20:14:55 INFO    pymc.sampling.forward: Sampling: [death_outcome]
20:14:55 INFO    pymc.sampling.forward: Sampling: [death_outcome]
20:14:55 INFO    pymc.sampling.forward: Sampling: [death_outcome]
20:14:55 INFO    pymc.sampling.forward: Sampling: [death_outcome]
20:14:55 INFO    pymc.sampling.forward: Sampling: [death_outcome]
20:14:55 INFO    pymc.sampling.forward: Sampling: [death_outcome]
20:14:55 INFO    pymc.sampling.forward: Sampling: [death_outcome]
20:14:56 INFO    pymc.sampling.forward: Sampling: [death_outcome]
20:14:56 INFO    pymc.sampling.forward: Sampling: [death_outcome]
20:14:56 INFO    pymc.sampling.forward: Sampling: [death_outcome]
20:14:58 INFO    pymc.sampling.forward: Sampling: [death_outcome]
20:14:58 INFO    pymc.sampling.forward: Sampling: [death_outcome]
20:14:59 INFO    pymc.sampling.forward: Sampling: [death_outcome]
20:14:59 INFO    pymc.sampling.forward: Sampling: [death_outcome]
20:14:59 INFO    pymc.sampling.forward: Sampling: [death_outcome]
20:14:59 INFO    pymc.sampling.forward: Sampling: [death_outcome]
20:14:59 INFO    pymc.sampling.forward: Sampling: [death_outcome]
20:14:59 INFO    pymc.sampling.forward: Sampling: [death_outcome]
20:14:59 INFO    pymc.sampling.forward: Sampling: [death_outcome]
20:14:59 INFO    pymc.sampling.forward: Sampling: [death_outcome]
20:15:00 INFO    pymc.sampling.forward: Sampling: [death_outcome]
20:15:00 INFO    pymc.sampling.forward: Sampling: [death_outcome]
20:15:00 INFO    pymc.sampling.forward: Sampling: [death_outcome]
20:15:00 INFO    pymc.sampling.forward: Sampling: [death_outcome]
20:15:00 INFO    pymc.sampling.forward: Sampling: [alpha, beta, gamma, responses]
20:15:00 INFO    pymc.sampling.forward: Sampling: [alpha, beta, gamma, responses]
20:15:00 INFO    pymc.sampling.forward: Sampling: [alpha, beta, gamma, responses]
20:15:00 INFO    pymc.sampling.forward: Sampling: [alpha, beta, gamma, responses]
20:15:00 INFO    abductionbench.core.engine: task art__qwen3-5-2b-local__io_n-a_generation_static finished in 157.9s: hypothesis_match=0.0000 (scored 283/283, 0 error(s))
20:15:00 WARNING abductionbench.core.engine: task causalab__qwen3-5-2b-local__io_n-a_interactive: 76 of 100 prompt(s) had their output budget clamped by the model's 32768-token context window (worst: sample causalab-6nodes_golden-6nodes_12 asked for 32000, got 31488). Scores for those samples may reflect a truncated answer.
20:15:00 INFO    abductionbench.core.engine: task causalab__qwen3-5-2b-local__io_n-a_interactive: 100 prompt(s) -> 14 batch call(s) (group size 8, model=Qwen/Qwen3.5-2B)
20:15:00 INFO    abductionbench.core.engine: task causalab__qwen3-5-2b-local__io_n-a_interactive: 100 episode(s), up to 14 turn(s) each (interactive delivery)
20:22:38 INFO    abductionbench.core.sync: artifact sync ok (interval) in 588.4s -> gdrive:AbductionBench/20260906-201043_full
20:23:58 INFO    abductionbench.core.sync: artifact sync ok (interval) in 19.3s -> gdrive:AbductionBench/20260906-201043_full
20:25:16 WARNING abductionbench.core.sync: artifact sync failed (interval, exit 1):     "quota_limit_value": "840000",
      "quota_location": "global",
      "quota_metric": "drive.googleapis.com/default",
      "quota_unit": "1/min/{project}",
      "service": "drive.googleapis.com"
    },
    "reason": "RATE_LIMIT_EXCEEDED"
  },
  {
    "@type": "type.googleapis.com/google.rpc.Help",
    "links": [
      {
        "description": "Request a higher quota limit.",
        "url": "https://cloud.google.com/docs/quotas/help/request_increase"
      }
    ]
  }
]
, rateLimitExceeded -- the run continues; will retry on the next tick
20:26:44 INFO    abductionbench.core.sync: artifact sync ok (interval) in 27.7s -> gdrive:AbductionBench/20260906-201043_full
20:27:53 INFO    abductionbench.core.sync: artifact sync ok (interval) in 9.5s -> gdrive:AbductionBench/20260906-201043_full
20:30:01 WARNING abductionbench.core.sync: artifact sync failed (interval, exit 1):     "quota_limit_value": "840000",
      "quota_location": "global",
      "quota_metric": "drive.googleapis.com/default",
      "quota_unit": "1/min/{project}",
      "service": "drive.googleapis.com"
    },
    "reason": "RATE_LIMIT_EXCEEDED"
  },
  {
    "@type": "type.googleapis.com/google.rpc.Help",
    "links": [
      {
        "description": "Request a higher quota limit.",
        "url": "https://cloud.google.com/docs/quotas/help/request_increase"
      }
    ]
  }
]
, rateLimitExceeded -- the run continues; will retry on the next tick
20:31:49 INFO    abductionbench.core.sync: artifact sync ok (interval) in 48.6s -> gdrive:AbductionBench/20260906-201043_full
20:33:36 INFO    pymc.sampling.forward: Sampling: [C_obs]
20:33:36 INFO    pymc.sampling.forward: Sampling: [C_obs]
20:33:37 INFO    pymc.sampling.forward: Sampling: [C_obs]
20:33:37 INFO    pymc.sampling.forward: Sampling: [y_obs]
20:33:37 INFO    pymc.sampling.forward: Sampling: [y_obs]
20:33:37 INFO    pymc.sampling.forward: Sampling: [y_obs]
20:33:37 INFO    pymc.sampling.forward: Sampling: [C_obs]
20:33:37 INFO    pymc.sampling.forward: Sampling: [C_obs]
20:33:38 INFO    pymc.sampling.forward: Sampling: [C_obs]
20:33:38 INFO    pymc.sampling.forward: Sampling: [y_obs]
20:33:38 INFO    pymc.sampling.forward: Sampling: [y_obs]
20:33:38 INFO    pymc.sampling.forward: Sampling: [y_obs]
20:33:40 INFO    abductionbench.core.engine: 42 episode(s) ran out of context after 1 turn(s); ending them there
20:33:51 INFO    abductionbench.core.sync: artifact sync ok (interval) in 61.5s -> gdrive:AbductionBench/20260906-201043_full
20:35:19 WARNING abductionbench.core.sync: artifact sync failed (interval, exit 1):     "quota_limit_value": "840000",
      "quota_location": "global",
      "quota_metric": "drive.googleapis.com/default",
      "quota_unit": "1/min/{project}",
      "service": "drive.googleapis.com"
    },
    "reason": "RATE_LIMIT_EXCEEDED"
  },
  {
    "@type": "type.googleapis.com/google.rpc.Help",
    "links": [
      {
        "description": "Request a higher quota limit.",
        "url": "https://cloud.google.com/docs/quotas/help/request_increase"
      }
    ]
  }
]
, rateLimitExceeded -- the run continues; will retry on the next tick
20:35:58 INFO    abductionbench.core.engine: 8 episode(s) ran out of context after 1 turn(s); ending them there
20:36:50 INFO    abductionbench.core.sync: artifact sync ok (interval) in 31.2s -> gdrive:AbductionBench/20260906-201043_full
20:38:20 INFO    pymc.sampling.forward: Sampling: [y_obs]
20:38:20 INFO    pymc.sampling.forward: Sampling: [y_obs]
20:38:20 INFO    pymc.sampling.forward: Sampling: [y_obs]
20:38:20 INFO    pymc.sampling.forward: Sampling: [y_obs]
20:38:20 INFO    abductionbench.core.engine: 6 episode(s) ran out of context after 2 turn(s); ending them there
20:39:58 INFO    abductionbench.core.sync: artifact sync ok (interval) in 127.5s -> gdrive:AbductionBench/20260906-201043_full
20:41:58 INFO    abductionbench.core.sync: artifact sync ok (interval) in 60.0s -> gdrive:AbductionBench/20260906-201043_full
20:43:57 INFO    abductionbench.core.sync: artifact sync ok (interval) in 59.0s -> gdrive:AbductionBench/20260906-201043_full
20:44:23 INFO    pymc.sampling.forward: Sampling: [y_obs]
20:44:23 INFO    abductionbench.core.engine: 4 episode(s) ran out of context after 3 turn(s); ending them there
20:47:22 INFO    abductionbench.core.engine: 1 episode(s) ran out of context after 11 turn(s); ending them there
20:47:56 INFO    abductionbench.core.engine: task boxinggym__qwen3-5-2b-local__io_n-a_interactive finished in 2118.0s: standardized_error=4.5165 (scored 57/57, 0 error(s))
20:47:56 WARNING abductionbench.core.engine: task causalopsbench__qwen3-5-2b-local__io_SCS_static: 300 of 300 prompt(s) had their output budget clamped by the model's 32768-token context window (worst: sample causalops-cob-microservice-0138-0280c643 asked for 32000, got 31232). Scores for those samples may reflect a truncated answer.
20:47:56 INFO    abductionbench.core.engine: task causalopsbench__qwen3-5-2b-local__io_SCS_static: 300 prompt(s) -> 38 batch call(s) (group size 8, model=Qwen/Qwen3.5-2B)
20:48:06 INFO    abductionbench.core.engine: task causalopsbench__qwen3-5-2b-local__io_SCS_static finished in 10.0s: component_match=0.5033 (scored 300/300, 0 error(s))
20:48:06 WARNING abductionbench.core.engine: task cloud_opsbench__qwen3-5-2b-local__io_n-a_interactive: 300 of 300 prompt(s) had their output budget clamped by the model's 32768-token context window (worst: sample cloudops-train-ticket_runtime_28 asked for 32000, got 26368). Scores for those samples may reflect a truncated answer.
20:48:06 INFO    abductionbench.core.engine: task cloud_opsbench__qwen3-5-2b-local__io_n-a_interactive: 300 prompt(s) -> 43 batch call(s) (group size 8, model=Qwen/Qwen3.5-2B)
20:48:06 INFO    abductionbench.core.engine: task cloud_opsbench__qwen3-5-2b-local__io_n-a_interactive: 300 episode(s), up to 15 turn(s) each (interactive delivery)
20:48:42 INFO    abductionbench.core.engine: 9 episode(s) ran out of context after 2 turn(s); ending them there
20:48:53 INFO    abductionbench.core.sync: artifact sync ok (interval) in 236.2s -> gdrive:AbductionBench/20260906-201043_full
20:51:48 INFO    abductionbench.core.engine: task cloud_opsbench__qwen3-5-2b-local__io_n-a_interactive finished in 221.7s: root_cause_match=0.0000 (scored 300/300, 0 error(s))
20:51:48 INFO    abductionbench.core.engine: task commonwhy__qwen3-5-2b-local__io_n-a_static: 300 prompt(s) -> 38 batch call(s) (group size 8, model=Qwen/Qwen3.5-2B)
20:51:51 WARNING abductionbench.core.sync: artifact sync failed (interval, exit 1):     "quota_limit_value": "840000",
      "quota_location": "global",
      "quota_metric": "drive.googleapis.com/default",
      "quota_unit": "1/min/{project}",
      "service": "drive.googleapis.com"
    },
    "reason": "RATE_LIMIT_EXCEEDED"
  },
  {
    "@type": "type.googleapis.com/google.rpc.Help",
    "links": [
      {
        "description": "Request a higher quota limit.",
        "url": "https://cloud.google.com/docs/quotas/help/request_increase"
      }
    ]
  }
]
, rateLimitExceeded -- the run continues; will retry on the next tick
20:52:03 INFO    abductionbench.core.engine: task commonwhy__qwen3-5-2b-local__io_n-a_static finished in 15.2s: explanation_rouge_l=0.2549 (scored 300/300, 0 error(s))
20:52:03 INFO    abductionbench.core.engine: task crosstrace__qwen3-5-2b-local__io_n-a_static: 107 prompt(s) -> 14 batch call(s) (group size 8, model=Qwen/Qwen3.5-2B)
20:57:43 INFO    abductionbench.core.engine: 4 episode(s) ran out of context after 3 turn(s); ending them there
20:58:27 INFO    abductionbench.core.engine: task crosstrace__qwen3-5-2b-local__io_n-a_static finished in 384.0s: hypothesis_rouge_l=0.1547 (scored 107/107, 0 error(s))
20:58:27 WARNING abductionbench.core.engine: task ddxplus__qwen3-5-2b-local__io_n-a_generation_interactive: 49 of 300 prompt(s) had their output budget clamped by the model's 32768-token context window (worst: sample ddxplus-3 asked for 32000, got 31744). Scores for those samples may reflect a truncated answer.
20:58:27 INFO    abductionbench.core.engine: task ddxplus__qwen3-5-2b-local__io_n-a_generation_interactive: 300 prompt(s) -> 39 batch call(s) (group size 8, model=Qwen/Qwen3.5-2B)
20:58:27 INFO    abductionbench.core.engine: task ddxplus__qwen3-5-2b-local__io_n-a_generation_interactive: 300 episode(s), up to 20 turn(s) each (interactive delivery)
21:05:59 INFO    abductionbench.core.engine: 5 episode(s) ran out of context after 4 turn(s); ending them there
21:09:32 INFO    abductionbench.core.engine: 8 episode(s) ran out of context after 1 turn(s); ending them there
21:15:53 INFO    abductionbench.core.engine: 5 episode(s) ran out of context after 5 turn(s); ending them there
21:16:27 INFO    abductionbench.core.engine: 3 episode(s) ran out of context after 2 turn(s); ending them there
21:18:10 INFO    abductionbench.core.engine: 1 episode(s) ran out of context after 6 turn(s); ending them there
21:20:44 INFO    abductionbench.core.engine: 1 episode(s) ran out of context after 8 turn(s); ending them there
21:23:22 INFO    abductionbench.core.engine: 1 episode(s) ran out of context after 10 turn(s); ending them there
21:24:54 INFO    abductionbench.core.sync: artifact sync ok (interval) in 1922.6s -> gdrive:AbductionBench/20260906-201043_full
21:25:57 INFO    abductionbench.core.engine: 1 episode(s) ran out of context after 12 turn(s); ending them there
21:27:07 WARNING abductionbench.core.sync: artifact sync failed (interval, exit 1):     "quota_limit_value": "840000",
      "quota_location": "global",
      "quota_metric": "drive.googleapis.com/default",
      "quota_unit": "1/min/{project}",
      "service": "drive.googleapis.com"
    },
    "reason": "RATE_LIMIT_EXCEEDED"
  },
  {
    "@type": "type.googleapis.com/google.rpc.Help",
    "links": [
      {
        "description": "Request a higher quota limit.",
        "url": "https://cloud.google.com/docs/quotas/help/request_increase"
      }
    ]
  }
]
, rateLimitExceeded -- the run continues; will retry on the next tick
21:27:25 INFO    abductionbench.core.engine: 5 episode(s) ran out of context after 3 turn(s); ending them there
21:31:20 INFO    abductionbench.core.engine: 1 episode(s) ran out of context after 5 turn(s); ending them there
21:35:44 INFO    abductionbench.core.engine: 5 episode(s) ran out of context after 13 turn(s); ending them there
21:39:51 WARNING abductionbench.core.sync: artifact sync failed (interval, exit 1):     "quota_limit_value": "840000",
      "quota_location": "global",
      "quota_metric": "drive.googleapis.com/default",
      "quota_unit": "1/min/{project}",
      "service": "drive.googleapis.com"
    },
    "reason": "RATE_LIMIT_EXCEEDED"
  },
  {
    "@type": "type.googleapis.com/google.rpc.Help",
    "links": [
      {
        "description": "Request a higher quota limit.",
        "url": "https://cloud.google.com/docs/quotas/help/request_increase"
      }
    ]
  }
]
, rateLimitExceeded -- the run continues; will retry on the next tick
21:39:58 INFO    abductionbench.core.engine: 21 episode(s) hit the 14-turn limit without committing to an answer
21:40:01 INFO    abductionbench.core.engine: task causalab__qwen3-5-2b-local__io_n-a_interactive finished in 5100.4s: edge_f1=0.1191 (scored 100/100, 0 error(s))
21:40:01 WARNING abductionbench.core.engine: task ddxplus__qwen3-5-2b-local__io_SCS_selection_interactive: 86 of 300 prompt(s) had their output budget clamped by the model's 32768-token context window (worst: sample ddxplus-1 asked for 32000, got 31744). Scores for those samples may reflect a truncated answer.
21:40:01 INFO    abductionbench.core.engine: task ddxplus__qwen3-5-2b-local__io_SCS_selection_interactive: 300 prompt(s) -> 38 batch call(s) (group size 8, model=Qwen/Qwen3.5-2B)
21:40:01 INFO    abductionbench.core.engine: task ddxplus__qwen3-5-2b-local__io_SCS_selection_interactive: 300 episode(s), up to 20 turn(s) each (interactive delivery)
21:51:45 INFO    abductionbench.core.engine: 6 episode(s) ran out of context after 1 turn(s); ending them there
21:56:32 INFO    abductionbench.core.engine: 5 episode(s) ran out of context after 16 turn(s); ending them there
21:58:45 WARNING abductionbench.core.sync: artifact sync failed (interval, exit 1):     "quota_limit_value": "840000",
      "quota_location": "global",
      "quota_metric": "drive.googleapis.com/default",
      "quota_unit": "1/min/{project}",
      "service": "drive.googleapis.com"
    },
    "reason": "RATE_LIMIT_EXCEEDED"
  },
  {
    "@type": "type.googleapis.com/google.rpc.Help",
    "links": [
      {
        "description": "Request a higher quota limit.",
        "url": "https://cloud.google.com/docs/quotas/help/request_increase"
      }
    ]
  }
]
, rateLimitExceeded -- the run continues; will retry on the next tick
21:58:59 INFO    abductionbench.core.engine: 3 episode(s) ran out of context after 2 turn(s); ending them there
21:59:24 INFO    abductionbench.core.engine: 7 episode(s) hit the 20-turn limit without committing to an answer
21:59:27 INFO    abductionbench.core.engine: task ddxplus__qwen3-5-2b-local__io_n-a_generation_interactive finished in 3660.4s: diagnosis_match=0.1467 (scored 300/300, 0 error(s))
21:59:27 WARNING abductionbench.core.engine: task defab__qwen3-5-2b-local__io_MCS_static: 4 of 300 prompt(s) had their output budget clamped by the model's 32768-token context window (worst: sample defab-biology-obogo_modificationofmorphologyorphysiologyofotherorganisminvolvedinsymbioticinteraction_obogo_modulationof asked for 32000, got 31744). Scores for those samples may reflect a truncated answer.
21:59:27 INFO    abductionbench.core.engine: task defab__qwen3-5-2b-local__io_MCS_static: 300 prompt(s) -> 38 batch call(s) (group size 8, model=Qwen/Qwen3.5-2B)
21:59:33 INFO    abductionbench.core.engine: task defab__qwen3-5-2b-local__io_MCS_static finished in 5.7s: accuracy=0.8633 (scored 300/300, 0 error(s))
21:59:33 WARNING abductionbench.core.engine: task diagnosisarena__qwen3-5-2b-local__io_n-a_generation_static: 72 of 300 prompt(s) had their output budget clamped by the model's 32768-token context window (worst: sample dxarena-892 asked for 32000, got 31744). Scores for those samples may reflect a truncated answer.
21:59:33 INFO    abductionbench.core.engine: task diagnosisarena__qwen3-5-2b-local__io_n-a_generation_static: 300 prompt(s) -> 38 batch call(s) (group size 8, model=Qwen/Qwen3.5-2B)
22:00:07 INFO    abductionbench.core.engine: task diagnosisarena__qwen3-5-2b-local__io_n-a_generation_static finished in 33.9s: diagnosis_match=0.0133 (scored 300/300, 0 error(s))
22:00:07 WARNING abductionbench.core.engine: task diagnosisarena__qwen3-5-2b-local__io_SCS_selection_static: 113 of 300 prompt(s) had their output budget clamped by the model's 32768-token context window (worst: sample dxarena-495 asked for 32000, got 31488). Scores for those samples may reflect a truncated answer.
22:00:07 INFO    abductionbench.core.engine: task diagnosisarena__qwen3-5-2b-local__io_SCS_selection_static: 300 prompt(s) -> 39 batch call(s) (group size 8, model=Qwen/Qwen3.5-2B)
22:00:19 INFO    abductionbench.core.engine: task diagnosisarena__qwen3-5-2b-local__io_SCS_selection_static finished in 11.9s: accuracy=0.5033 (scored 300/300, 0 error(s))
22:00:19 INFO    abductionbench.core.engine: task ecare__qwen3-5-2b-local__io_n-a_generation_static: 300 prompt(s) -> 38 batch call(s) (group size 8, model=Qwen/Qwen3.5-2B)
22:00:34 INFO    abductionbench.core.engine: task ecare__qwen3-5-2b-local__io_n-a_generation_static finished in 15.5s: explanation_match=0.0000 (scored 300/300, 0 error(s))
22:00:34 INFO    abductionbench.core.engine: task ecare__qwen3-5-2b-local__io_SCS_selection_static: 300 prompt(s) -> 38 batch call(s) (group size 8, model=Qwen/Qwen3.5-2B)
22:00:39 INFO    abductionbench.core.engine: task ecare__qwen3-5-2b-local__io_SCS_selection_static finished in 5.0s: accuracy=0.7233 (scored 300/300, 0 error(s))
22:00:39 INFO    abductionbench.core.engine: task enwn_entailmentbank__qwen3-5-2b-local__io_n-a_static: 300 prompt(s) -> 38 batch call(s) (group size 8, model=Qwen/Qwen3.5-2B)
22:00:50 INFO    abductionbench.core.engine: task enwn_entailmentbank__qwen3-5-2b-local__io_n-a_static finished in 11.0s: exact_match=0.0267 (scored 300/300, 0 error(s))
22:00:50 INFO    abductionbench.core.engine: task gear__qwen3-5-2b-local__io_SCS_static: 300 prompt(s) -> 38 batch call(s) (group size 8, model=Qwen/Qwen3.5-2B)
22:00:56 INFO    abductionbench.core.engine: task gear__qwen3-5-2b-local__io_SCS_static finished in 6.0s: accuracy=0.3600 (scored 300/300, 0 error(s))
22:00:56 WARNING abductionbench.core.engine: task house_md__qwen3-5-2b-local__io_n-a_static: 87 of 300 prompt(s) had their output budget clamped by the model's 32768-token context window (worst: sample housemd-245-245 asked for 32000, got 31232). Scores for those samples may reflect a truncated answer.
22:00:56 INFO    abductionbench.core.engine: task house_md__qwen3-5-2b-local__io_n-a_static: 300 prompt(s) -> 39 batch call(s) (group size 8, model=Qwen/Qwen3.5-2B)
22:04:38 INFO    abductionbench.core.engine: 2 episode(s) ran out of context after 3 turn(s); ending them there
22:16:04 INFO    abductionbench.core.engine: 5 episode(s) ran out of context after 4 turn(s); ending them there
22:18:47 INFO    abductionbench.core.sync: artifact sync ok (interval) in 1141.5s -> gdrive:AbductionBench/20260906-201043_full
22:20:23 INFO    abductionbench.core.engine: 1 episode(s) ran out of context after 6 turn(s); ending them there
22:29:10 WARNING abductionbench.core.sync: artifact sync failed (interval, exit 1):     "quota_limit_value": "840000",
      "quota_location": "global",
      "quota_metric": "drive.googleapis.com/default",
      "quota_unit": "1/min/{project}",
      "service": "drive.googleapis.com"
    },
    "reason": "RATE_LIMIT_EXCEEDED"
  },
  {
    "@type": "type.googleapis.com/google.rpc.Help",
    "links": [
      {
        "description": "Request a higher quota limit.",
        "url": "https://cloud.google.com/docs/quotas/help/request_increase"
      }
    ]
  }
]
, rateLimitExceeded -- the run continues; will retry on the next tick
22:35:31 INFO    abductionbench.core.engine: 1 episode(s) ran out of context after 16 turn(s); ending them there
22:39:35 INFO    abductionbench.core.engine: 1 episode(s) ran out of context after 17 turn(s); ending them there
22:40:04 INFO    abductionbench.core.engine: 6 episode(s) hit the 20-turn limit without committing to an answer
22:40:05 INFO    abductionbench.core.engine: task ddxplus__qwen3-5-2b-local__io_SCS_selection_interactive finished in 3604.1s: accuracy=0.0167 (scored 300/300, 0 error(s))
22:40:05 WARNING abductionbench.core.engine: task hypoarena__qwen3-5-2b-local__io_n-a_static: 300 of 300 prompt(s) had their output budget clamped by the model's 32768-token context window (worst: sample hypoarena-financial_analysis_AMZN-10Q-2510 asked for 32000, got 26112). Scores for those samples may reflect a truncated answer.
22:40:05 INFO    abductionbench.core.engine: task hypoarena__qwen3-5-2b-local__io_n-a_static: 300 prompt(s) -> 51 batch call(s) (group size 8, model=Qwen/Qwen3.5-2B)
22:47:25 WARNING abductionbench.core.sync: artifact sync failed (interval, exit 1):     "quota_limit_value": "840000",
      "quota_location": "global",
      "quota_metric": "drive.googleapis.com/default",
      "quota_unit": "1/min/{project}",
      "service": "drive.googleapis.com"
    },
    "reason": "RATE_LIMIT_EXCEEDED"
  },
  {
    "@type": "type.googleapis.com/google.rpc.Help",
    "links": [
      {
        "description": "Request a higher quota limit.",
        "url": "https://cloud.google.com/docs/quotas/help/request_increase"
      }
    ]
  }
]
, rateLimitExceeded -- the run continues; will retry on the next tick
22:55:51 INFO    abductionbench.core.sync: artifact sync ok (interval) in 446.2s -> gdrive:AbductionBench/20260906-201043_full
22:57:56 INFO    abductionbench.core.sync: artifact sync ok (interval) in 65.7s -> gdrive:AbductionBench/20260906-201043_full
22:59:51 INFO    abductionbench.core.engine: task house_md__qwen3-5-2b-local__io_n-a_static finished in 3534.4s: diagnosis_match=0.0667 (scored 300/300, 0 error(s))
22:59:51 WARNING abductionbench.core.engine: task hypobench__qwen3-5-2b-local__io_n-a_static: 141 of 141 prompt(s) had their output budget clamped by the model's 32768-token context window (worst: sample hypobench-real_llamagc_detect-11 asked for 32000, got 30720). Scores for those samples may reflect a truncated answer.
22:59:51 INFO    abductionbench.core.engine: task hypobench__qwen3-5-2b-local__io_n-a_static: 141 prompt(s) -> 20 batch call(s) (group size 8, model=Qwen/Qwen3.5-2B)
23:01:47 WARNING abductionbench.core.sync: artifact sync failed (interval, exit 1):     "quota_limit_value": "840000",
      "quota_location": "global",
      "quota_metric": "drive.googleapis.com/default",
      "quota_unit": "1/min/{project}",
      "service": "drive.googleapis.com"
    },
    "reason": "RATE_LIMIT_EXCEEDED"
  },
  {
    "@type": "type.googleapis.com/google.rpc.Help",
    "links": [
      {
        "description": "Request a higher quota limit.",
        "url": "https://cloud.google.com/docs/quotas/help/request_increase"
      }
    ]
  }
]
, rateLimitExceeded -- the run continues; will retry on the next tick
23:02:20 INFO    abductionbench.core.engine: task hypoarena__qwen3-5-2b-local__io_n-a_static finished in 1335.2s: best_rouge_l=0.1296 (scored 300/300, 0 error(s))
23:02:20 INFO    abductionbench.core.engine: task hypogen__qwen3-5-2b-local__io_n-a_static: 50 prompt(s) -> 7 batch call(s) (group size 8, model=Qwen/Qwen3.5-2B)
23:06:27 INFO    abductionbench.core.engine: task hypogen__qwen3-5-2b-local__io_n-a_static finished in 246.8s: flip_rouge_l=0.1285 (scored 50/50, 0 error(s))
23:06:27 INFO    abductionbench.core.engine: task hypospace__qwen3-5-2b-local__io_n-a_static: 300 prompt(s) -> 38 batch call(s) (group size 8, model=Qwen/Qwen3.5-2B)
23:06:31 INFO    abductionbench.core.engine: task hypobench__qwen3-5-2b-local__io_n-a_static finished in 400.6s: best_rouge_l=0.1909 (scored 141/141, 0 error(s))
23:06:31 INFO    abductionbench.core.engine: task matter_to_mechanism__qwen3-5-2b-local__io_n-a_static: 300 prompt(s) -> 38 batch call(s) (group size 8, model=Qwen/Qwen3.5-2B)
